Periodo,Anio,MesNumero,MesNombre,Trimestre,CodigoSerie,NombreIndicador,NombreCorto,Categoria,Unidad,Valor,Valor_Mes_Anterior,Variacion_Mensual_Abs,Variacion_Mensual_Pct,Valor_Anio_Anterior,Variacion_Interanual_Abs,Variacion_Interanual_Pct,Fecha_Carga,Fuente_URL
2020-01-01,2020,1,Enero,T1,PD04722MM,Tasa de referencia de la política monetaria,Tasa referencia,Política monetaria,% nominal anual,2.25,,,,,,,2026-06-28,https://estadisticas.bcrp.gob.pe/estadisticas/series/mensuales/resultados/PD04722MM/html
2020-02-01,2020,2,Febrero,T1,PD04722MM,Tasa de referencia de la política monetaria,Tasa referencia,Política monetaria,% nominal anual,2.25,2.25,0.0,0.0,,,,2026-06-28,https://estadisticas.bcrp.gob.pe/estadisticas/series/mensuales/resultados/PD04722MM/html
2020-03-01,2020,3,Marzo,T1,PD04722MM,Tasa de referencia de la política monetaria,Tasa referencia,Política monetaria,% nominal anual,1.25,2.25,-1.0,-44.4444,,,,2026-06-28,https://estadisticas.bcrp.gob.pe/estadisticas/series/mensuales/resultados/PD04722MM/html
2020-04-01,2020,4,Abril,T2,PD04722MM,Tasa de referencia de la política monetaria,Tasa referencia,Política monetaria,% nominal anual,0.25,1.25,-1.0,-80.0,,,,2026-06-28,https://estadisticas.bcrp.gob.pe/estadisticas/series/mensuales/resultados/PD04722MM/html
2020-05-01,2020,5,Mayo,T2,PD04722MM,Tasa de referencia de la política monetaria,Tasa referencia,Política monetaria,% nominal anual,0.25,0.25,0.0,0.0,,,,2026-06-28,https://estadisticas.bcrp.gob.pe/estadisticas/series/mensuales/resultados/PD04722MM/html
2020-06-01,2020,6,Junio,T2,PD04722MM,Tasa de referencia de la política monetaria,Tasa referencia,Política monetaria,% nominal anual,0.25,0.25,0.0,0.0,,,,2026-06-28,https://estadisticas.bcrp.gob.pe/estadisticas/series/mensuales/resultados/PD04722MM/html
2020-07-01,2020,7,Julio,T3,PD04722MM,Tasa de referencia de la política monetaria,Tasa referencia,Política monetaria,% nominal anual,0.25,0.25,0.0,0.0,,,,2026-06-28,https://estadisticas.bcrp.gob.pe/estadisticas/series/mensuales/resultados/PD04722MM/html
2020-08-01,2020,8,Agosto,T3,PD04722MM,Tasa de referencia de la política monetaria,Tasa referencia,Política monetaria,% nominal anual,0.25,0.25,0.0,0.0,,,,2026-06-28,https://estadisticas.bcrp.gob.pe/estadisticas/series/mensuales/resultados/PD04722MM/html
2020-09-01,2020,9,Septiembre,T3,PD04722MM,Tasa de referencia de la política monetaria,Tasa referencia,Política monetaria,% nominal anual,0.25,0.25,0.0,0.0,,,,2026-06-28,https://estadisticas.bcrp.gob.pe/estadisticas/series/mensuales/resultados/PD04722MM/html
2020-10-01,2020,10,Octubre,T4,PD04722MM,Tasa de referencia de la política monetaria,Tasa referencia,Política monetaria,% nominal anual,0.25,0.25,0.0,0.0,,,,2026-06-28,https://estadisticas.bcrp.gob.pe/estadisticas/series/mensuales/resultados/PD04722MM/html
2020-11-01,2020,11,Noviembre,T4,PD04722MM,Tasa de referencia de la política monetaria,Tasa referencia,Política monetaria,% nominal anual,0.25,0.25,0.0,0.0,,,,2026-06-28,https://estadisticas.bcrp.gob.pe/estadisticas/series/mensuales/resultados/PD04722MM/html
2020-12-01,2020,12,Diciembre,T4,PD04722MM,Tasa de referencia de la política monetaria,Tasa referencia,Política monetaria,% nominal anual,0.25,0.25,0.0,0.0,,,,2026-06-28,https://estadisticas.bcrp.gob.pe/estadisticas/series/mensuales/resultados/PD04722MM/html
2021-01-01,2021,1,Enero,T1,PD04722MM,Tasa de referencia de la política monetaria,Tasa referencia,Política monetaria,% nominal anual,0.25,0.25,0.0,0.0,2.25,-2.0,-88.8889,2026-06-28,https://estadisticas.bcrp.gob.pe/estadisticas/series/mensuales/resultados/PD04722MM/html
2021-02-01,2021,2,Febrero,T1,PD04722MM,Tasa de referencia de la política monetaria,Tasa referencia,Política monetaria,% nominal anual,0.25,0.25,0.0,0.0,2.25,-2.0,-88.8889,2026-06-28,https://estadisticas.bcrp.gob.pe/estadisticas/series/mensuales/resultados/PD04722MM/html
2021-03-01,2021,3,Marzo,T1,PD04722MM,Tasa de referencia de la política monetaria,Tasa referencia,Política monetaria,% nominal anual,0.25,0.25,0.0,0.0,1.25,-1.0,-80.0,2026-06-28,https://estadisticas.bcrp.gob.pe/estadisticas/series/mensuales/resultados/PD04722MM/html
2021-04-01,2021,4,Abril,T2,PD04722MM,Tasa de referencia de la política monetaria,Tasa referencia,Política monetaria,% nominal anual,0.25,0.25,0.0,0.0,0.25,0.0,0.0,2026-06-28,https://estadisticas.bcrp.gob.pe/estadisticas/series/mensuales/resultados/PD04722MM/html
2021-05-01,2021,5,Mayo,T2,PD04722MM,Tasa de referencia de la política monetaria,Tasa referencia,Política monetaria,% nominal anual,0.25,0.25,0.0,0.0,0.25,0.0,0.0,2026-06-28,https://estadisticas.bcrp.gob.pe/estadisticas/series/mensuales/resultados/PD04722MM/html
2021-06-01,2021,6,Junio,T2,PD04722MM,Tasa de referencia de la política monetaria,Tasa referencia,Política monetaria,% nominal anual,0.25,0.25,0.0,0.0,0.25,0.0,0.0,2026-06-28,https://estadisticas.bcrp.gob.pe/estadisticas/series/mensuales/resultados/PD04722MM/html
2021-07-01,2021,7,Julio,T3,PD04722MM,Tasa de referencia de la política monetaria,Tasa referencia,Política monetaria,% nominal anual,0.25,0.25,0.0,0.0,0.25,0.0,0.0,2026-06-28,https://estadisticas.bcrp.gob.pe/estadisticas/series/mensuales/resultados/PD04722MM/html
2021-08-01,2021,8,Agosto,T3,PD04722MM,Tasa de referencia de la política monetaria,Tasa referencia,Política monetaria,% nominal anual,0.5,0.25,0.25,100.0,0.25,0.25,100.0,2026-06-28,https://estadisticas.bcrp.gob.pe/estadisticas/series/mensuales/resultados/PD04722MM/html
2021-09-01,2021,9,Septiembre,T3,PD04722MM,Tasa de referencia de la política monetaria,Tasa referencia,Política monetaria,% nominal anual,1.0,0.5,0.5,100.0,0.25,0.75,300.0,2026-06-28,https://estadisticas.bcrp.gob.pe/estadisticas/series/mensuales/resultados/PD04722MM/html
2021-10-01,2021,10,Octubre,T4,PD04722MM,Tasa de referencia de la política monetaria,Tasa referencia,Política monetaria,% nominal anual,1.5,1.0,0.5,50.0,0.25,1.25,500.0,2026-06-28,https://estadisticas.bcrp.gob.pe/estadisticas/series/mensuales/resultados/PD04722MM/html
2021-11-01,2021,11,Noviembre,T4,PD04722MM,Tasa de referencia de la política monetaria,Tasa referencia,Política monetaria,% nominal anual,2.0,1.5,0.5,33.3333,0.25,1.75,700.0,2026-06-28,https://estadisticas.bcrp.gob.pe/estadisticas/series/mensuales/resultados/PD04722MM/html
2021-12-01,2021,12,Diciembre,T4,PD04722MM,Tasa de referencia de la política monetaria,Tasa referencia,Política monetaria,% nominal anual,2.5,2.0,0.5,25.0,0.25,2.25,900.0,2026-06-28,https://estadisticas.bcrp.gob.pe/estadisticas/series/mensuales/resultados/PD04722MM/html
2022-01-01,2022,1,Enero,T1,PD04722MM,Tasa de referencia de la política monetaria,Tasa referencia,Política monetaria,% nominal anual,3.0,2.5,0.5,20.0,0.25,2.75,1100.0,2026-06-28,https://estadisticas.bcrp.gob.pe/estadisticas/series/mensuales/resultados/PD04722MM/html
2022-02-01,2022,2,Febrero,T1,PD04722MM,Tasa de referencia de la política monetaria,Tasa referencia,Política monetaria,% nominal anual,3.5,3.0,0.5,16.6667,0.25,3.25,1300.0,2026-06-28,https://estadisticas.bcrp.gob.pe/estadisticas/series/mensuales/resultados/PD04722MM/html
2022-03-01,2022,3,Marzo,T1,PD04722MM,Tasa de referencia de la política monetaria,Tasa referencia,Política monetaria,% nominal anual,4.0,3.5,0.5,14.2857,0.25,3.75,1500.0,2026-06-28,https://estadisticas.bcrp.gob.pe/estadisticas/series/mensuales/resultados/PD04722MM/html
2022-04-01,2022,4,Abril,T2,PD04722MM,Tasa de referencia de la política monetaria,Tasa referencia,Política monetaria,% nominal anual,4.5,4.0,0.5,12.5,0.25,4.25,1700.0,2026-06-28,https://estadisticas.bcrp.gob.pe/estadisticas/series/mensuales/resultados/PD04722MM/html
2022-05-01,2022,5,Mayo,T2,PD04722MM,Tasa de referencia de la política monetaria,Tasa referencia,Política monetaria,% nominal anual,5.0,4.5,0.5,11.1111,0.25,4.75,1900.0,2026-06-28,https://estadisticas.bcrp.gob.pe/estadisticas/series/mensuales/resultados/PD04722MM/html
2022-06-01,2022,6,Junio,T2,PD04722MM,Tasa de referencia de la política monetaria,Tasa referencia,Política monetaria,% nominal anual,5.5,5.0,0.5,10.0,0.25,5.25,2100.0,2026-06-28,https://estadisticas.bcrp.gob.pe/estadisticas/series/mensuales/resultados/PD04722MM/html
2022-07-01,2022,7,Julio,T3,PD04722MM,Tasa de referencia de la política monetaria,Tasa referencia,Política monetaria,% nominal anual,6.0,5.5,0.5,9.0909,0.25,5.75,2300.0,2026-06-28,https://estadisticas.bcrp.gob.pe/estadisticas/series/mensuales/resultados/PD04722MM/html
2022-08-01,2022,8,Agosto,T3,PD04722MM,Tasa de referencia de la política monetaria,Tasa referencia,Política monetaria,% nominal anual,6.5,6.0,0.5,8.3333,0.5,6.0,1200.0,2026-06-28,https://estadisticas.bcrp.gob.pe/estadisticas/series/mensuales/resultados/PD04722MM/html
2022-09-01,2022,9,Septiembre,T3,PD04722MM,Tasa de referencia de la política monetaria,Tasa referencia,Política monetaria,% nominal anual,6.75,6.5,0.25,3.8462,1.0,5.75,575.0,2026-06-28,https://estadisticas.bcrp.gob.pe/estadisticas/series/mensuales/resultados/PD04722MM/html
2022-10-01,2022,10,Octubre,T4,PD04722MM,Tasa de referencia de la política monetaria,Tasa referencia,Política monetaria,% nominal anual,7.0,6.75,0.25,3.7037,1.5,5.5,366.6667,2026-06-28,https://estadisticas.bcrp.gob.pe/estadisticas/series/mensuales/resultados/PD04722MM/html
2022-11-01,2022,11,Noviembre,T4,PD04722MM,Tasa de referencia de la política monetaria,Tasa referencia,Política monetaria,% nominal anual,7.25,7.0,0.25,3.5714,2.0,5.25,262.5,2026-06-28,https://estadisticas.bcrp.gob.pe/estadisticas/series/mensuales/resultados/PD04722MM/html
2022-12-01,2022,12,Diciembre,T4,PD04722MM,Tasa de referencia de la política monetaria,Tasa referencia,Política monetaria,% nominal anual,7.5,7.25,0.25,3.4483,2.5,5.0,200.0,2026-06-28,https://estadisticas.bcrp.gob.pe/estadisticas/series/mensuales/resultados/PD04722MM/html
2023-01-01,2023,1,Enero,T1,PD04722MM,Tasa de referencia de la política monetaria,Tasa referencia,Política monetaria,% nominal anual,7.75,7.5,0.25,3.3333,3.0,4.75,158.3333,2026-06-28,https://estadisticas.bcrp.gob.pe/estadisticas/series/mensuales/resultados/PD04722MM/html
2023-02-01,2023,2,Febrero,T1,PD04722MM,Tasa de referencia de la política monetaria,Tasa referencia,Política monetaria,% nominal anual,7.75,7.75,0.0,0.0,3.5,4.25,121.4286,2026-06-28,https://estadisticas.bcrp.gob.pe/estadisticas/series/mensuales/resultados/PD04722MM/html
2023-03-01,2023,3,Marzo,T1,PD04722MM,Tasa de referencia de la política monetaria,Tasa referencia,Política monetaria,% nominal anual,7.75,7.75,0.0,0.0,4.0,3.75,93.75,2026-06-28,https://estadisticas.bcrp.gob.pe/estadisticas/series/mensuales/resultados/PD04722MM/html
2023-04-01,2023,4,Abril,T2,PD04722MM,Tasa de referencia de la política monetaria,Tasa referencia,Política monetaria,% nominal anual,7.75,7.75,0.0,0.0,4.5,3.25,72.2222,2026-06-28,https://estadisticas.bcrp.gob.pe/estadisticas/series/mensuales/resultados/PD04722MM/html
2023-05-01,2023,5,Mayo,T2,PD04722MM,Tasa de referencia de la política monetaria,Tasa referencia,Política monetaria,% nominal anual,7.75,7.75,0.0,0.0,5.0,2.75,55.0,2026-06-28,https://estadisticas.bcrp.gob.pe/estadisticas/series/mensuales/resultados/PD04722MM/html
2023-06-01,2023,6,Junio,T2,PD04722MM,Tasa de referencia de la política monetaria,Tasa referencia,Política monetaria,% nominal anual,7.75,7.75,0.0,0.0,5.5,2.25,40.9091,2026-06-28,https://estadisticas.bcrp.gob.pe/estadisticas/series/mensuales/resultados/PD04722MM/html
2023-07-01,2023,7,Julio,T3,PD04722MM,Tasa de referencia de la política monetaria,Tasa referencia,Política monetaria,% nominal anual,7.75,7.75,0.0,0.0,6.0,1.75,29.1667,2026-06-28,https://estadisticas.bcrp.gob.pe/estadisticas/series/mensuales/resultados/PD04722MM/html
2023-08-01,2023,8,Agosto,T3,PD04722MM,Tasa de referencia de la política monetaria,Tasa referencia,Política monetaria,% nominal anual,7.75,7.75,0.0,0.0,6.5,1.25,19.2308,2026-06-28,https://estadisticas.bcrp.gob.pe/estadisticas/series/mensuales/resultados/PD04722MM/html
2023-09-01,2023,9,Septiembre,T3,PD04722MM,Tasa de referencia de la política monetaria,Tasa referencia,Política monetaria,% nominal anual,7.5,7.75,-0.25,-3.2258,6.75,0.75,11.1111,2026-06-28,https://estadisticas.bcrp.gob.pe/estadisticas/series/mensuales/resultados/PD04722MM/html
2023-10-01,2023,10,Octubre,T4,PD04722MM,Tasa de referencia de la política monetaria,Tasa referencia,Política monetaria,% nominal anual,7.25,7.5,-0.25,-3.3333,7.0,0.25,3.5714,2026-06-28,https://estadisticas.bcrp.gob.pe/estadisticas/series/mensuales/resultados/PD04722MM/html
2023-11-01,2023,11,Noviembre,T4,PD04722MM,Tasa de referencia de la política monetaria,Tasa referencia,Política monetaria,% nominal anual,7.0,7.25,-0.25,-3.4483,7.25,-0.25,-3.4483,2026-06-28,https://estadisticas.bcrp.gob.pe/estadisticas/series/mensuales/resultados/PD04722MM/html
2023-12-01,2023,12,Diciembre,T4,PD04722MM,Tasa de referencia de la política monetaria,Tasa referencia,Política monetaria,% nominal anual,6.75,7.0,-0.25,-3.5714,7.5,-0.75,-10.0,2026-06-28,https://estadisticas.bcrp.gob.pe/estadisticas/series/mensuales/resultados/PD04722MM/html
2024-01-01,2024,1,Enero,T1,PD04722MM,Tasa de referencia de la política monetaria,Tasa referencia,Política monetaria,% nominal anual,6.5,6.75,-0.25,-3.7037,7.75,-1.25,-16.129,2026-06-28,https://estadisticas.bcrp.gob.pe/estadisticas/series/mensuales/resultados/PD04722MM/html
2024-02-01,2024,2,Febrero,T1,PD04722MM,Tasa de referencia de la política monetaria,Tasa referencia,Política monetaria,% nominal anual,6.25,6.5,-0.25,-3.8462,7.75,-1.5,-19.3548,2026-06-28,https://estadisticas.bcrp.gob.pe/estadisticas/series/mensuales/resultados/PD04722MM/html
2024-03-01,2024,3,Marzo,T1,PD04722MM,Tasa de referencia de la política monetaria,Tasa referencia,Política monetaria,% nominal anual,6.25,6.25,0.0,0.0,7.75,-1.5,-19.3548,2026-06-28,https://estadisticas.bcrp.gob.pe/estadisticas/series/mensuales/resultados/PD04722MM/html
2024-04-01,2024,4,Abril,T2,PD04722MM,Tasa de referencia de la política monetaria,Tasa referencia,Política monetaria,% nominal anual,6.0,6.25,-0.25,-4.0,7.75,-1.75,-22.5806,2026-06-28,https://estadisticas.bcrp.gob.pe/estadisticas/series/mensuales/resultados/PD04722MM/html
2024-05-01,2024,5,Mayo,T2,PD04722MM,Tasa de referencia de la política monetaria,Tasa referencia,Política monetaria,% nominal anual,5.75,6.0,-0.25,-4.1667,7.75,-2.0,-25.8065,2026-06-28,https://estadisticas.bcrp.gob.pe/estadisticas/series/mensuales/resultados/PD04722MM/html
2024-06-01,2024,6,Junio,T2,PD04722MM,Tasa de referencia de la política monetaria,Tasa referencia,Política monetaria,% nominal anual,5.75,5.75,0.0,0.0,7.75,-2.0,-25.8065,2026-06-28,https://estadisticas.bcrp.gob.pe/estadisticas/series/mensuales/resultados/PD04722MM/html
2024-07-01,2024,7,Julio,T3,PD04722MM,Tasa de referencia de la política monetaria,Tasa referencia,Política monetaria,% nominal anual,5.75,5.75,0.0,0.0,7.75,-2.0,-25.8065,2026-06-28,https://estadisticas.bcrp.gob.pe/estadisticas/series/mensuales/resultados/PD04722MM/html
2024-08-01,2024,8,Agosto,T3,PD04722MM,Tasa de referencia de la política monetaria,Tasa referencia,Política monetaria,% nominal anual,5.5,5.75,-0.25,-4.3478,7.75,-2.25,-29.0323,2026-06-28,https://estadisticas.bcrp.gob.pe/estadisticas/series/mensuales/resultados/PD04722MM/html
2024-09-01,2024,9,Septiembre,T3,PD04722MM,Tasa de referencia de la política monetaria,Tasa referencia,Política monetaria,% nominal anual,5.25,5.5,-0.25,-4.5455,7.5,-2.25,-30.0,2026-06-28,https://estadisticas.bcrp.gob.pe/estadisticas/series/mensuales/resultados/PD04722MM/html
2024-10-01,2024,10,Octubre,T4,PD04722MM,Tasa de referencia de la política monetaria,Tasa referencia,Política monetaria,% nominal anual,5.25,5.25,0.0,0.0,7.25,-2.0,-27.5862,2026-06-28,https://estadisticas.bcrp.gob.pe/estadisticas/series/mensuales/resultados/PD04722MM/html
2024-11-01,2024,11,Noviembre,T4,PD04722MM,Tasa de referencia de la política monetaria,Tasa referencia,Política monetaria,% nominal anual,5.0,5.25,-0.25,-4.7619,7.0,-2.0,-28.5714,2026-06-28,https://estadisticas.bcrp.gob.pe/estadisticas/series/mensuales/resultados/PD04722MM/html
2024-12-01,2024,12,Diciembre,T4,PD04722MM,Tasa de referencia de la política monetaria,Tasa referencia,Política monetaria,% nominal anual,5.0,5.0,0.0,0.0,6.75,-1.75,-25.9259,2026-06-28,https://estadisticas.bcrp.gob.pe/estadisticas/series/mensuales/resultados/PD04722MM/html
2025-01-01,2025,1,Enero,T1,PD04722MM,Tasa de referencia de la política monetaria,Tasa referencia,Política monetaria,% nominal anual,4.75,5.0,-0.25,-5.0,6.5,-1.75,-26.9231,2026-06-28,https://estadisticas.bcrp.gob.pe/estadisticas/series/mensuales/resultados/PD04722MM/html
2025-02-01,2025,2,Febrero,T1,PD04722MM,Tasa de referencia de la política monetaria,Tasa referencia,Política monetaria,% nominal anual,4.75,4.75,0.0,0.0,6.25,-1.5,-24.0,2026-06-28,https://estadisticas.bcrp.gob.pe/estadisticas/series/mensuales/resultados/PD04722MM/html
2025-03-01,2025,3,Marzo,T1,PD04722MM,Tasa de referencia de la política monetaria,Tasa referencia,Política monetaria,% nominal anual,4.75,4.75,0.0,0.0,6.25,-1.5,-24.0,2026-06-28,https://estadisticas.bcrp.gob.pe/estadisticas/series/mensuales/resultados/PD04722MM/html
2025-04-01,2025,4,Abril,T2,PD04722MM,Tasa de referencia de la política monetaria,Tasa referencia,Política monetaria,% nominal anual,4.75,4.75,0.0,0.0,6.0,-1.25,-20.8333,2026-06-28,https://estadisticas.bcrp.gob.pe/estadisticas/series/mensuales/resultados/PD04722MM/html
2025-05-01,2025,5,Mayo,T2,PD04722MM,Tasa de referencia de la política monetaria,Tasa referencia,Política monetaria,% nominal anual,4.5,4.75,-0.25,-5.2632,5.75,-1.25,-21.7391,2026-06-28,https://estadisticas.bcrp.gob.pe/estadisticas/series/mensuales/resultados/PD04722MM/html
2025-06-01,2025,6,Junio,T2,PD04722MM,Tasa de referencia de la política monetaria,Tasa referencia,Política monetaria,% nominal anual,4.5,4.5,0.0,0.0,5.75,-1.25,-21.7391,2026-06-28,https://estadisticas.bcrp.gob.pe/estadisticas/series/mensuales/resultados/PD04722MM/html
2025-07-01,2025,7,Julio,T3,PD04722MM,Tasa de referencia de la política monetaria,Tasa referencia,Política monetaria,% nominal anual,4.5,4.5,0.0,0.0,5.75,-1.25,-21.7391,2026-06-28,https://estadisticas.bcrp.gob.pe/estadisticas/series/mensuales/resultados/PD04722MM/html
2025-08-01,2025,8,Agosto,T3,PD04722MM,Tasa de referencia de la política monetaria,Tasa referencia,Política monetaria,% nominal anual,4.5,4.5,0.0,0.0,5.5,-1.0,-18.1818,2026-06-28,https://estadisticas.bcrp.gob.pe/estadisticas/series/mensuales/resultados/PD04722MM/html
2025-09-01,2025,9,Septiembre,T3,PD04722MM,Tasa de referencia de la política monetaria,Tasa referencia,Política monetaria,% nominal anual,4.25,4.5,-0.25,-5.5556,5.25,-1.0,-19.0476,2026-06-28,https://estadisticas.bcrp.gob.pe/estadisticas/series/mensuales/resultados/PD04722MM/html
2025-10-01,2025,10,Octubre,T4,PD04722MM,Tasa de referencia de la política monetaria,Tasa referencia,Política monetaria,% nominal anual,4.25,4.25,0.0,0.0,5.25,-1.0,-19.0476,2026-06-28,https://estadisticas.bcrp.gob.pe/estadisticas/series/mensuales/resultados/PD04722MM/html
2025-11-01,2025,11,Noviembre,T4,PD04722MM,Tasa de referencia de la política monetaria,Tasa referencia,Política monetaria,% nominal anual,4.25,4.25,0.0,0.0,5.0,-0.75,-15.0,2026-06-28,https://estadisticas.bcrp.gob.pe/estadisticas/series/mensuales/resultados/PD04722MM/html
2025-12-01,2025,12,Diciembre,T4,PD04722MM,Tasa de referencia de la política monetaria,Tasa referencia,Política monetaria,% nominal anual,4.25,4.25,0.0,0.0,5.0,-0.75,-15.0,2026-06-28,https://estadisticas.bcrp.gob.pe/estadisticas/series/mensuales/resultados/PD04722MM/html
2026-01-01,2026,1,Enero,T1,PD04722MM,Tasa de referencia de la política monetaria,Tasa referencia,Política monetaria,% nominal anual,4.25,4.25,0.0,0.0,4.75,-0.5,-10.5263,2026-06-28,https://estadisticas.bcrp.gob.pe/estadisticas/series/mensuales/resultados/PD04722MM/html
2026-02-01,2026,2,Febrero,T1,PD04722MM,Tasa de referencia de la política monetaria,Tasa referencia,Política monetaria,% nominal anual,4.25,4.25,0.0,0.0,4.75,-0.5,-10.5263,2026-06-28,https://estadisticas.bcrp.gob.pe/estadisticas/series/mensuales/resultados/PD04722MM/html
2026-03-01,2026,3,Marzo,T1,PD04722MM,Tasa de referencia de la política monetaria,Tasa referencia,Política monetaria,% nominal anual,4.25,4.25,0.0,0.0,4.75,-0.5,-10.5263,2026-06-28,https://estadisticas.bcrp.gob.pe/estadisticas/series/mensuales/resultados/PD04722MM/html
2026-04-01,2026,4,Abril,T2,PD04722MM,Tasa de referencia de la política monetaria,Tasa referencia,Política monetaria,% nominal anual,4.25,4.25,0.0,0.0,4.75,-0.5,-10.5263,2026-06-28,https://estadisticas.bcrp.gob.pe/estadisticas/series/mensuales/resultados/PD04722MM/html
2026-05-01,2026,5,Mayo,T2,PD04722MM,Tasa de referencia de la política monetaria,Tasa referencia,Política monetaria,% nominal anual,4.25,4.25,0.0,0.0,4.5,-0.25,-5.5556,2026-06-28,https://estadisticas.bcrp.gob.pe/estadisticas/series/mensuales/resultados/PD04722MM/html
2026-06-01,2026,6,Junio,T2,PD04722MM,Tasa de referencia de la política monetaria,Tasa referencia,Política monetaria,% nominal anual,4.25,4.25,0.0,0.0,4.5,-0.25,-5.5556,2026-06-28,https://estadisticas.bcrp.gob.pe/estadisticas/series/mensuales/resultados/PD04722MM/html
2020-01-01,2020,1,Enero,T1,PN01207PM,Tipo de cambio interbancario promedio,Tipo de cambio,Mercado cambiario,S/ por US$,3.328,,,,,,,2026-06-28,https://estadisticas.bcrp.gob.pe/estadisticas/series/mensuales/resultados/PN01207PM/html
2020-02-01,2020,2,Febrero,T1,PN01207PM,Tipo de cambio interbancario promedio,Tipo de cambio,Mercado cambiario,S/ por US$,3.391,3.328,0.063,1.893,,,,2026-06-28,https://estadisticas.bcrp.gob.pe/estadisticas/series/mensuales/resultados/PN01207PM/html
2020-03-01,2020,3,Marzo,T1,PN01207PM,Tipo de cambio interbancario promedio,Tipo de cambio,Mercado cambiario,S/ por US$,3.493,3.391,0.102,3.008,,,,2026-06-28,https://estadisticas.bcrp.gob.pe/estadisticas/series/mensuales/resultados/PN01207PM/html
2020-04-01,2020,4,Abril,T2,PN01207PM,Tipo de cambio interbancario promedio,Tipo de cambio,Mercado cambiario,S/ por US$,3.398,3.493,-0.095,-2.7197,,,,2026-06-28,https://estadisticas.bcrp.gob.pe/estadisticas/series/mensuales/resultados/PN01207PM/html
2020-05-01,2020,5,Mayo,T2,PN01207PM,Tipo de cambio interbancario promedio,Tipo de cambio,Mercado cambiario,S/ por US$,3.422,3.398,0.024,0.7063,,,,2026-06-28,https://estadisticas.bcrp.gob.pe/estadisticas/series/mensuales/resultados/PN01207PM/html
2020-06-01,2020,6,Junio,T2,PN01207PM,Tipo de cambio interbancario promedio,Tipo de cambio,Mercado cambiario,S/ por US$,3.471,3.422,0.049,1.4319,,,,2026-06-28,https://estadisticas.bcrp.gob.pe/estadisticas/series/mensuales/resultados/PN01207PM/html
2020-07-01,2020,7,Julio,T3,PN01207PM,Tipo de cambio interbancario promedio,Tipo de cambio,Mercado cambiario,S/ por US$,3.517,3.471,0.046,1.3253,,,,2026-06-28,https://estadisticas.bcrp.gob.pe/estadisticas/series/mensuales/resultados/PN01207PM/html
2020-08-01,2020,8,Agosto,T3,PN01207PM,Tipo de cambio interbancario promedio,Tipo de cambio,Mercado cambiario,S/ por US$,3.565,3.517,0.048,1.3648,,,,2026-06-28,https://estadisticas.bcrp.gob.pe/estadisticas/series/mensuales/resultados/PN01207PM/html
2020-09-01,2020,9,Septiembre,T3,PN01207PM,Tipo de cambio interbancario promedio,Tipo de cambio,Mercado cambiario,S/ por US$,3.556,3.565,-0.009,-0.2525,,,,2026-06-28,https://estadisticas.bcrp.gob.pe/estadisticas/series/mensuales/resultados/PN01207PM/html
2020-10-01,2020,10,Octubre,T4,PN01207PM,Tipo de cambio interbancario promedio,Tipo de cambio,Mercado cambiario,S/ por US$,3.596,3.556,0.04,1.1249,,,,2026-06-28,https://estadisticas.bcrp.gob.pe/estadisticas/series/mensuales/resultados/PN01207PM/html
2020-11-01,2020,11,Noviembre,T4,PN01207PM,Tipo de cambio interbancario promedio,Tipo de cambio,Mercado cambiario,S/ por US$,3.609,3.596,0.013,0.3615,,,,2026-06-28,https://estadisticas.bcrp.gob.pe/estadisticas/series/mensuales/resultados/PN01207PM/html
2020-12-01,2020,12,Diciembre,T4,PN01207PM,Tipo de cambio interbancario promedio,Tipo de cambio,Mercado cambiario,S/ por US$,3.603,3.609,-0.006,-0.1663,,,,2026-06-28,https://estadisticas.bcrp.gob.pe/estadisticas/series/mensuales/resultados/PN01207PM/html
2021-01-01,2021,1,Enero,T1,PN01207PM,Tipo de cambio interbancario promedio,Tipo de cambio,Mercado cambiario,S/ por US$,3.625,3.603,0.022,0.6106,3.328,0.297,8.9243,2026-06-28,https://estadisticas.bcrp.gob.pe/estadisticas/series/mensuales/resultados/PN01207PM/html
2021-02-01,2021,2,Febrero,T1,PN01207PM,Tipo de cambio interbancario promedio,Tipo de cambio,Mercado cambiario,S/ por US$,3.646,3.625,0.021,0.5793,3.391,0.255,7.5199,2026-06-28,https://estadisticas.bcrp.gob.pe/estadisticas/series/mensuales/resultados/PN01207PM/html
2021-03-01,2021,3,Marzo,T1,PN01207PM,Tipo de cambio interbancario promedio,Tipo de cambio,Mercado cambiario,S/ por US$,3.709,3.646,0.063,1.7279,3.493,0.216,6.1838,2026-06-28,https://estadisticas.bcrp.gob.pe/estadisticas/series/mensuales/resultados/PN01207PM/html
2021-04-01,2021,4,Abril,T2,PN01207PM,Tipo de cambio interbancario promedio,Tipo de cambio,Mercado cambiario,S/ por US$,3.7,3.709,-0.009,-0.2427,3.398,0.302,8.8876,2026-06-28,https://estadisticas.bcrp.gob.pe/estadisticas/series/mensuales/resultados/PN01207PM/html
2021-05-01,2021,5,Mayo,T2,PN01207PM,Tipo de cambio interbancario promedio,Tipo de cambio,Mercado cambiario,S/ por US$,3.775,3.7,0.075,2.027,3.422,0.353,10.3156,2026-06-28,https://estadisticas.bcrp.gob.pe/estadisticas/series/mensuales/resultados/PN01207PM/html
2021-06-01,2021,6,Junio,T2,PN01207PM,Tipo de cambio interbancario promedio,Tipo de cambio,Mercado cambiario,S/ por US$,3.912,3.775,0.137,3.6291,3.471,0.441,12.7053,2026-06-28,https://estadisticas.bcrp.gob.pe/estadisticas/series/mensuales/resultados/PN01207PM/html
2021-07-01,2021,7,Julio,T3,PN01207PM,Tipo de cambio interbancario promedio,Tipo de cambio,Mercado cambiario,S/ por US$,3.942,3.912,0.03,0.7669,3.517,0.425,12.0842,2026-06-28,https://estadisticas.bcrp.gob.pe/estadisticas/series/mensuales/resultados/PN01207PM/html
2021-08-01,2021,8,Agosto,T3,PN01207PM,Tipo de cambio interbancario promedio,Tipo de cambio,Mercado cambiario,S/ por US$,4.087,3.942,0.145,3.6783,3.565,0.522,14.6424,2026-06-28,https://estadisticas.bcrp.gob.pe/estadisticas/series/mensuales/resultados/PN01207PM/html
2021-09-01,2021,9,Septiembre,T3,PN01207PM,Tipo de cambio interbancario promedio,Tipo de cambio,Mercado cambiario,S/ por US$,4.108,4.087,0.021,0.5138,3.556,0.552,15.5231,2026-06-28,https://estadisticas.bcrp.gob.pe/estadisticas/series/mensuales/resultados/PN01207PM/html
2021-10-01,2021,10,Octubre,T4,PN01207PM,Tipo de cambio interbancario promedio,Tipo de cambio,Mercado cambiario,S/ por US$,4.014,4.108,-0.094,-2.2882,3.596,0.418,11.624,2026-06-28,https://estadisticas.bcrp.gob.pe/estadisticas/series/mensuales/resultados/PN01207PM/html
2021-11-01,2021,11,Noviembre,T4,PN01207PM,Tipo de cambio interbancario promedio,Tipo de cambio,Mercado cambiario,S/ por US$,4.02,4.014,0.006,0.1495,3.609,0.411,11.3882,2026-06-28,https://estadisticas.bcrp.gob.pe/estadisticas/series/mensuales/resultados/PN01207PM/html
2021-12-01,2021,12,Diciembre,T4,PN01207PM,Tipo de cambio interbancario promedio,Tipo de cambio,Mercado cambiario,S/ por US$,4.037,4.02,0.017,0.4229,3.603,0.434,12.0455,2026-06-28,https://estadisticas.bcrp.gob.pe/estadisticas/series/mensuales/resultados/PN01207PM/html
2022-01-01,2022,1,Enero,T1,PN01207PM,Tipo de cambio interbancario promedio,Tipo de cambio,Mercado cambiario,S/ por US$,3.888,4.037,-0.149,-3.6909,3.625,0.263,7.2552,2026-06-28,https://estadisticas.bcrp.gob.pe/estadisticas/series/mensuales/resultados/PN01207PM/html
2022-02-01,2022,2,Febrero,T1,PN01207PM,Tipo de cambio interbancario promedio,Tipo de cambio,Mercado cambiario,S/ por US$,3.791,3.888,-0.097,-2.4949,3.646,0.145,3.977,2026-06-28,https://estadisticas.bcrp.gob.pe/estadisticas/series/mensuales/resultados/PN01207PM/html
2022-03-01,2022,3,Marzo,T1,PN01207PM,Tipo de cambio interbancario promedio,Tipo de cambio,Mercado cambiario,S/ por US$,3.739,3.791,-0.052,-1.3717,3.709,0.03,0.8088,2026-06-28,https://estadisticas.bcrp.gob.pe/estadisticas/series/mensuales/resultados/PN01207PM/html
2022-04-01,2022,4,Abril,T2,PN01207PM,Tipo de cambio interbancario promedio,Tipo de cambio,Mercado cambiario,S/ por US$,3.741,3.739,0.002,0.0535,3.7,0.041,1.1081,2026-06-28,https://estadisticas.bcrp.gob.pe/estadisticas/series/mensuales/resultados/PN01207PM/html
2022-05-01,2022,5,Mayo,T2,PN01207PM,Tipo de cambio interbancario promedio,Tipo de cambio,Mercado cambiario,S/ por US$,3.757,3.741,0.016,0.4277,3.775,-0.018,-0.4768,2026-06-28,https://estadisticas.bcrp.gob.pe/estadisticas/series/mensuales/resultados/PN01207PM/html
2022-06-01,2022,6,Junio,T2,PN01207PM,Tipo de cambio interbancario promedio,Tipo de cambio,Mercado cambiario,S/ por US$,3.748,3.757,-0.009,-0.2396,3.912,-0.164,-4.1922,2026-06-28,https://estadisticas.bcrp.gob.pe/estadisticas/series/mensuales/resultados/PN01207PM/html
2022-07-01,2022,7,Julio,T3,PN01207PM,Tipo de cambio interbancario promedio,Tipo de cambio,Mercado cambiario,S/ por US$,3.903,3.748,0.155,4.1355,3.942,-0.039,-0.9893,2026-06-28,https://estadisticas.bcrp.gob.pe/estadisticas/series/mensuales/resultados/PN01207PM/html
2022-08-01,2022,8,Agosto,T3,PN01207PM,Tipo de cambio interbancario promedio,Tipo de cambio,Mercado cambiario,S/ por US$,3.874,3.903,-0.029,-0.743,4.087,-0.213,-5.2116,2026-06-28,https://estadisticas.bcrp.gob.pe/estadisticas/series/mensuales/resultados/PN01207PM/html
2022-09-01,2022,9,Septiembre,T3,PN01207PM,Tipo de cambio interbancario promedio,Tipo de cambio,Mercado cambiario,S/ por US$,3.899,3.874,0.025,0.6453,4.108,-0.209,-5.0876,2026-06-28,https://estadisticas.bcrp.gob.pe/estadisticas/series/mensuales/resultados/PN01207PM/html
2022-10-01,2022,10,Octubre,T4,PN01207PM,Tipo de cambio interbancario promedio,Tipo de cambio,Mercado cambiario,S/ por US$,3.979,3.899,0.08,2.0518,4.014,-0.035,-0.8719,2026-06-28,https://estadisticas.bcrp.gob.pe/estadisticas/series/mensuales/resultados/PN01207PM/html
2022-11-01,2022,11,Noviembre,T4,PN01207PM,Tipo de cambio interbancario promedio,Tipo de cambio,Mercado cambiario,S/ por US$,3.877,3.979,-0.102,-2.5635,4.02,-0.143,-3.5572,2026-06-28,https://estadisticas.bcrp.gob.pe/estadisticas/series/mensuales/resultados/PN01207PM/html
2022-12-01,2022,12,Diciembre,T4,PN01207PM,Tipo de cambio interbancario promedio,Tipo de cambio,Mercado cambiario,S/ por US$,3.829,3.877,-0.048,-1.2381,4.037,-0.208,-5.1523,2026-06-28,https://estadisticas.bcrp.gob.pe/estadisticas/series/mensuales/resultados/PN01207PM/html
2023-01-01,2023,1,Enero,T1,PN01207PM,Tipo de cambio interbancario promedio,Tipo de cambio,Mercado cambiario,S/ por US$,3.834,3.829,0.005,0.1306,3.888,-0.054,-1.3889,2026-06-28,https://estadisticas.bcrp.gob.pe/estadisticas/series/mensuales/resultados/PN01207PM/html
2023-02-01,2023,2,Febrero,T1,PN01207PM,Tipo de cambio interbancario promedio,Tipo de cambio,Mercado cambiario,S/ por US$,3.841,3.834,0.007,0.1826,3.791,0.05,1.3189,2026-06-28,https://estadisticas.bcrp.gob.pe/estadisticas/series/mensuales/resultados/PN01207PM/html
2023-03-01,2023,3,Marzo,T1,PN01207PM,Tipo de cambio interbancario promedio,Tipo de cambio,Mercado cambiario,S/ por US$,3.779,3.841,-0.062,-1.6142,3.739,0.04,1.0698,2026-06-28,https://estadisticas.bcrp.gob.pe/estadisticas/series/mensuales/resultados/PN01207PM/html
2023-04-01,2023,4,Abril,T2,PN01207PM,Tipo de cambio interbancario promedio,Tipo de cambio,Mercado cambiario,S/ por US$,3.765,3.779,-0.014,-0.3705,3.741,0.024,0.6415,2026-06-28,https://estadisticas.bcrp.gob.pe/estadisticas/series/mensuales/resultados/PN01207PM/html
2023-05-01,2023,5,Mayo,T2,PN01207PM,Tipo de cambio interbancario promedio,Tipo de cambio,Mercado cambiario,S/ por US$,3.689,3.765,-0.076,-2.0186,3.757,-0.068,-1.81,2026-06-28,https://estadisticas.bcrp.gob.pe/estadisticas/series/mensuales/resultados/PN01207PM/html
2023-06-01,2023,6,Junio,T2,PN01207PM,Tipo de cambio interbancario promedio,Tipo de cambio,Mercado cambiario,S/ por US$,3.65,3.689,-0.039,-1.0572,3.748,-0.098,-2.6147,2026-06-28,https://estadisticas.bcrp.gob.pe/estadisticas/series/mensuales/resultados/PN01207PM/html
2023-07-01,2023,7,Julio,T3,PN01207PM,Tipo de cambio interbancario promedio,Tipo de cambio,Mercado cambiario,S/ por US$,3.601,3.65,-0.049,-1.3425,3.903,-0.302,-7.7376,2026-06-28,https://estadisticas.bcrp.gob.pe/estadisticas/series/mensuales/resultados/PN01207PM/html
2023-08-01,2023,8,Agosto,T3,PN01207PM,Tipo de cambio interbancario promedio,Tipo de cambio,Mercado cambiario,S/ por US$,3.698,3.601,0.097,2.6937,3.874,-0.176,-4.5431,2026-06-28,https://estadisticas.bcrp.gob.pe/estadisticas/series/mensuales/resultados/PN01207PM/html
2023-09-01,2023,9,Septiembre,T3,PN01207PM,Tipo de cambio interbancario promedio,Tipo de cambio,Mercado cambiario,S/ por US$,3.731,3.698,0.033,0.8924,3.899,-0.168,-4.3088,2026-06-28,https://estadisticas.bcrp.gob.pe/estadisticas/series/mensuales/resultados/PN01207PM/html
2023-10-01,2023,10,Octubre,T4,PN01207PM,Tipo de cambio interbancario promedio,Tipo de cambio,Mercado cambiario,S/ por US$,3.846,3.731,0.115,3.0823,3.979,-0.133,-3.3425,2026-06-28,https://estadisticas.bcrp.gob.pe/estadisticas/series/mensuales/resultados/PN01207PM/html
2023-11-01,2023,11,Noviembre,T4,PN01207PM,Tipo de cambio interbancario promedio,Tipo de cambio,Mercado cambiario,S/ por US$,3.761,3.846,-0.085,-2.2101,3.877,-0.116,-2.992,2026-06-28,https://estadisticas.bcrp.gob.pe/estadisticas/series/mensuales/resultados/PN01207PM/html
2023-12-01,2023,12,Diciembre,T4,PN01207PM,Tipo de cambio interbancario promedio,Tipo de cambio,Mercado cambiario,S/ por US$,3.734,3.761,-0.027,-0.7179,3.829,-0.095,-2.4811,2026-06-28,https://estadisticas.bcrp.gob.pe/estadisticas/series/mensuales/resultados/PN01207PM/html
2024-01-01,2024,1,Enero,T1,PN01207PM,Tipo de cambio interbancario promedio,Tipo de cambio,Mercado cambiario,S/ por US$,3.741,3.734,0.007,0.1875,3.834,-0.093,-2.4257,2026-06-28,https://estadisticas.bcrp.gob.pe/estadisticas/series/mensuales/resultados/PN01207PM/html
2024-02-01,2024,2,Febrero,T1,PN01207PM,Tipo de cambio interbancario promedio,Tipo de cambio,Mercado cambiario,S/ por US$,3.828,3.741,0.087,2.3256,3.841,-0.013,-0.3385,2026-06-28,https://estadisticas.bcrp.gob.pe/estadisticas/series/mensuales/resultados/PN01207PM/html
2024-03-01,2024,3,Marzo,T1,PN01207PM,Tipo de cambio interbancario promedio,Tipo de cambio,Mercado cambiario,S/ por US$,3.709,3.828,-0.119,-3.1087,3.779,-0.07,-1.8523,2026-06-28,https://estadisticas.bcrp.gob.pe/estadisticas/series/mensuales/resultados/PN01207PM/html
2024-04-01,2024,4,Abril,T2,PN01207PM,Tipo de cambio interbancario promedio,Tipo de cambio,Mercado cambiario,S/ por US$,3.715,3.709,0.006,0.1618,3.765,-0.05,-1.328,2026-06-28,https://estadisticas.bcrp.gob.pe/estadisticas/series/mensuales/resultados/PN01207PM/html
2024-05-01,2024,5,Mayo,T2,PN01207PM,Tipo de cambio interbancario promedio,Tipo de cambio,Mercado cambiario,S/ por US$,3.732,3.715,0.017,0.4576,3.689,0.043,1.1656,2026-06-28,https://estadisticas.bcrp.gob.pe/estadisticas/series/mensuales/resultados/PN01207PM/html
2024-06-01,2024,6,Junio,T2,PN01207PM,Tipo de cambio interbancario promedio,Tipo de cambio,Mercado cambiario,S/ por US$,3.787,3.732,0.055,1.4737,3.65,0.137,3.7534,2026-06-28,https://estadisticas.bcrp.gob.pe/estadisticas/series/mensuales/resultados/PN01207PM/html
2024-07-01,2024,7,Julio,T3,PN01207PM,Tipo de cambio interbancario promedio,Tipo de cambio,Mercado cambiario,S/ por US$,3.764,3.787,-0.023,-0.6073,3.601,0.163,4.5265,2026-06-28,https://estadisticas.bcrp.gob.pe/estadisticas/series/mensuales/resultados/PN01207PM/html
2024-08-01,2024,8,Agosto,T3,PN01207PM,Tipo de cambio interbancario promedio,Tipo de cambio,Mercado cambiario,S/ por US$,3.742,3.764,-0.022,-0.5845,3.698,0.044,1.1898,2026-06-28,https://estadisticas.bcrp.gob.pe/estadisticas/series/mensuales/resultados/PN01207PM/html
2024-09-01,2024,9,Septiembre,T3,PN01207PM,Tipo de cambio interbancario promedio,Tipo de cambio,Mercado cambiario,S/ por US$,3.769,3.742,0.027,0.7215,3.731,0.038,1.0185,2026-06-28,https://estadisticas.bcrp.gob.pe/estadisticas/series/mensuales/resultados/PN01207PM/html
2024-10-01,2024,10,Octubre,T4,PN01207PM,Tipo de cambio interbancario promedio,Tipo de cambio,Mercado cambiario,S/ por US$,3.754,3.769,-0.015,-0.398,3.846,-0.092,-2.3921,2026-06-28,https://estadisticas.bcrp.gob.pe/estadisticas/series/mensuales/resultados/PN01207PM/html
2024-11-01,2024,11,Noviembre,T4,PN01207PM,Tipo de cambio interbancario promedio,Tipo de cambio,Mercado cambiario,S/ por US$,3.779,3.754,0.025,0.666,3.761,0.018,0.4786,2026-06-28,https://estadisticas.bcrp.gob.pe/estadisticas/series/mensuales/resultados/PN01207PM/html
2024-12-01,2024,12,Diciembre,T4,PN01207PM,Tipo de cambio interbancario promedio,Tipo de cambio,Mercado cambiario,S/ por US$,3.736,3.779,-0.043,-1.1379,3.734,0.002,0.0536,2026-06-28,https://estadisticas.bcrp.gob.pe/estadisticas/series/mensuales/resultados/PN01207PM/html
2025-01-01,2025,1,Enero,T1,PN01207PM,Tipo de cambio interbancario promedio,Tipo de cambio,Mercado cambiario,S/ por US$,3.747,3.736,0.011,0.2944,3.741,0.006,0.1604,2026-06-28,https://estadisticas.bcrp.gob.pe/estadisticas/series/mensuales/resultados/PN01207PM/html
2025-02-01,2025,2,Febrero,T1,PN01207PM,Tipo de cambio interbancario promedio,Tipo de cambio,Mercado cambiario,S/ por US$,3.697,3.747,-0.05,-1.3344,3.828,-0.131,-3.4222,2026-06-28,https://estadisticas.bcrp.gob.pe/estadisticas/series/mensuales/resultados/PN01207PM/html
2025-03-01,2025,3,Marzo,T1,PN01207PM,Tipo de cambio interbancario promedio,Tipo de cambio,Mercado cambiario,S/ por US$,3.652,3.697,-0.045,-1.2172,3.709,-0.057,-1.5368,2026-06-28,https://estadisticas.bcrp.gob.pe/estadisticas/series/mensuales/resultados/PN01207PM/html
2025-04-01,2025,4,Abril,T2,PN01207PM,Tipo de cambio interbancario promedio,Tipo de cambio,Mercado cambiario,S/ por US$,3.7,3.652,0.048,1.3143,3.715,-0.015,-0.4038,2026-06-28,https://estadisticas.bcrp.gob.pe/estadisticas/series/mensuales/resultados/PN01207PM/html
2025-05-01,2025,5,Mayo,T2,PN01207PM,Tipo de cambio interbancario promedio,Tipo de cambio,Mercado cambiario,S/ por US$,3.66,3.7,-0.04,-1.0811,3.732,-0.072,-1.9293,2026-06-28,https://estadisticas.bcrp.gob.pe/estadisticas/series/mensuales/resultados/PN01207PM/html
2025-06-01,2025,6,Junio,T2,PN01207PM,Tipo de cambio interbancario promedio,Tipo de cambio,Mercado cambiario,S/ por US$,3.602,3.66,-0.058,-1.5847,3.787,-0.185,-4.8851,2026-06-28,https://estadisticas.bcrp.gob.pe/estadisticas/series/mensuales/resultados/PN01207PM/html
2025-07-01,2025,7,Julio,T3,PN01207PM,Tipo de cambio interbancario promedio,Tipo de cambio,Mercado cambiario,S/ por US$,3.557,3.602,-0.045,-1.2493,3.764,-0.207,-5.4995,2026-06-28,https://estadisticas.bcrp.gob.pe/estadisticas/series/mensuales/resultados/PN01207PM/html
2025-08-01,2025,8,Agosto,T3,PN01207PM,Tipo de cambio interbancario promedio,Tipo de cambio,Mercado cambiario,S/ por US$,3.542,3.557,-0.015,-0.4217,3.742,-0.2,-5.3447,2026-06-28,https://estadisticas.bcrp.gob.pe/estadisticas/series/mensuales/resultados/PN01207PM/html
2025-09-01,2025,9,Septiembre,T3,PN01207PM,Tipo de cambio interbancario promedio,Tipo de cambio,Mercado cambiario,S/ por US$,3.502,3.542,-0.04,-1.1293,3.769,-0.267,-7.0841,2026-06-28,https://estadisticas.bcrp.gob.pe/estadisticas/series/mensuales/resultados/PN01207PM/html
2025-10-01,2025,10,Octubre,T4,PN01207PM,Tipo de cambio interbancario promedio,Tipo de cambio,Mercado cambiario,S/ por US$,3.413,3.502,-0.089,-2.5414,3.754,-0.341,-9.0836,2026-06-28,https://estadisticas.bcrp.gob.pe/estadisticas/series/mensuales/resultados/PN01207PM/html
2025-11-01,2025,11,Noviembre,T4,PN01207PM,Tipo de cambio interbancario promedio,Tipo de cambio,Mercado cambiario,S/ por US$,3.373,3.413,-0.04,-1.172,3.779,-0.406,-10.7436,2026-06-28,https://estadisticas.bcrp.gob.pe/estadisticas/series/mensuales/resultados/PN01207PM/html
2025-12-01,2025,12,Diciembre,T4,PN01207PM,Tipo de cambio interbancario promedio,Tipo de cambio,Mercado cambiario,S/ por US$,3.367,3.373,-0.006,-0.1779,3.736,-0.369,-9.8769,2026-06-28,https://estadisticas.bcrp.gob.pe/estadisticas/series/mensuales/resultados/PN01207PM/html
2026-01-01,2026,1,Enero,T1,PN01207PM,Tipo de cambio interbancario promedio,Tipo de cambio,Mercado cambiario,S/ por US$,3.356,3.367,-0.011,-0.3267,3.747,-0.391,-10.435,2026-06-28,https://estadisticas.bcrp.gob.pe/estadisticas/series/mensuales/resultados/PN01207PM/html
2026-02-01,2026,2,Febrero,T1,PN01207PM,Tipo de cambio interbancario promedio,Tipo de cambio,Mercado cambiario,S/ por US$,3.357,3.356,0.001,0.0298,3.697,-0.34,-9.1966,2026-06-28,https://estadisticas.bcrp.gob.pe/estadisticas/series/mensuales/resultados/PN01207PM/html
2026-03-01,2026,3,Marzo,T1,PN01207PM,Tipo de cambio interbancario promedio,Tipo de cambio,Mercado cambiario,S/ por US$,3.448,3.357,0.091,2.7108,3.652,-0.204,-5.586,2026-06-28,https://estadisticas.bcrp.gob.pe/estadisticas/series/mensuales/resultados/PN01207PM/html
2026-04-01,2026,4,Abril,T2,PN01207PM,Tipo de cambio interbancario promedio,Tipo de cambio,Mercado cambiario,S/ por US$,3.443,3.448,-0.005,-0.145,3.7,-0.257,-6.9459,2026-06-28,https://estadisticas.bcrp.gob.pe/estadisticas/series/mensuales/resultados/PN01207PM/html
2026-05-01,2026,5,Mayo,T2,PN01207PM,Tipo de cambio interbancario promedio,Tipo de cambio,Mercado cambiario,S/ por US$,3.435,3.443,-0.008,-0.2324,3.66,-0.225,-6.1475,2026-06-28,https://estadisticas.bcrp.gob.pe/estadisticas/series/mensuales/resultados/PN01207PM/html
2020-01-01,2020,1,Enero,T1,PN01273PM,Inflación anual - IPC Lima Metropolitana,Inflación 12 meses,Precios,% 12 meses,1.89,,,,,,,2026-06-28,https://estadisticas.bcrp.gob.pe/estadisticas/series/mensuales/resultados/PN01273PM/html
2020-02-01,2020,2,Febrero,T1,PN01273PM,Inflación anual - IPC Lima Metropolitana,Inflación 12 meses,Precios,% 12 meses,1.9,1.89,0.01,0.5291,,,,2026-06-28,https://estadisticas.bcrp.gob.pe/estadisticas/series/mensuales/resultados/PN01273PM/html
2020-03-01,2020,3,Marzo,T1,PN01273PM,Inflación anual - IPC Lima Metropolitana,Inflación 12 meses,Precios,% 12 meses,1.82,1.9,-0.08,-4.2105,,,,2026-06-28,https://estadisticas.bcrp.gob.pe/estadisticas/series/mensuales/resultados/PN01273PM/html
2020-04-01,2020,4,Abril,T2,PN01273PM,Inflación anual - IPC Lima Metropolitana,Inflación 12 meses,Precios,% 12 meses,1.72,1.82,-0.1,-5.4945,,,,2026-06-28,https://estadisticas.bcrp.gob.pe/estadisticas/series/mensuales/resultados/PN01273PM/html
2020-05-01,2020,5,Mayo,T2,PN01273PM,Inflación anual - IPC Lima Metropolitana,Inflación 12 meses,Precios,% 12 meses,1.78,1.72,0.06,3.4884,,,,2026-06-28,https://estadisticas.bcrp.gob.pe/estadisticas/series/mensuales/resultados/PN01273PM/html
2020-06-01,2020,6,Junio,T2,PN01273PM,Inflación anual - IPC Lima Metropolitana,Inflación 12 meses,Precios,% 12 meses,1.6,1.78,-0.18,-10.1124,,,,2026-06-28,https://estadisticas.bcrp.gob.pe/estadisticas/series/mensuales/resultados/PN01273PM/html
2020-07-01,2020,7,Julio,T3,PN01273PM,Inflación anual - IPC Lima Metropolitana,Inflación 12 meses,Precios,% 12 meses,1.86,1.6,0.26,16.25,,,,2026-06-28,https://estadisticas.bcrp.gob.pe/estadisticas/series/mensuales/resultados/PN01273PM/html
2020-08-01,2020,8,Agosto,T3,PN01273PM,Inflación anual - IPC Lima Metropolitana,Inflación 12 meses,Precios,% 12 meses,1.69,1.86,-0.17,-9.1398,,,,2026-06-28,https://estadisticas.bcrp.gob.pe/estadisticas/series/mensuales/resultados/PN01273PM/html
2020-09-01,2020,9,Septiembre,T3,PN01273PM,Inflación anual - IPC Lima Metropolitana,Inflación 12 meses,Precios,% 12 meses,1.82,1.69,0.13,7.6923,,,,2026-06-28,https://estadisticas.bcrp.gob.pe/estadisticas/series/mensuales/resultados/PN01273PM/html
2020-10-01,2020,10,Octubre,T4,PN01273PM,Inflación anual - IPC Lima Metropolitana,Inflación 12 meses,Precios,% 12 meses,1.72,1.82,-0.1,-5.4945,,,,2026-06-28,https://estadisticas.bcrp.gob.pe/estadisticas/series/mensuales/resultados/PN01273PM/html
2020-11-01,2020,11,Noviembre,T4,PN01273PM,Inflación anual - IPC Lima Metropolitana,Inflación 12 meses,Precios,% 12 meses,2.14,1.72,0.42,24.4186,,,,2026-06-28,https://estadisticas.bcrp.gob.pe/estadisticas/series/mensuales/resultados/PN01273PM/html
2020-12-01,2020,12,Diciembre,T4,PN01273PM,Inflación anual - IPC Lima Metropolitana,Inflación 12 meses,Precios,% 12 meses,1.97,2.14,-0.17,-7.9439,,,,2026-06-28,https://estadisticas.bcrp.gob.pe/estadisticas/series/mensuales/resultados/PN01273PM/html
2021-01-01,2021,1,Enero,T1,PN01273PM,Inflación anual - IPC Lima Metropolitana,Inflación 12 meses,Precios,% 12 meses,2.68,1.97,0.71,36.0406,1.89,0.79,41.7989,2026-06-28,https://estadisticas.bcrp.gob.pe/estadisticas/series/mensuales/resultados/PN01273PM/html
2021-02-01,2021,2,Febrero,T1,PN01273PM,Inflación anual - IPC Lima Metropolitana,Inflación 12 meses,Precios,% 12 meses,2.4,2.68,-0.28,-10.4478,1.9,0.5,26.3158,2026-06-28,https://estadisticas.bcrp.gob.pe/estadisticas/series/mensuales/resultados/PN01273PM/html
2021-03-01,2021,3,Marzo,T1,PN01273PM,Inflación anual - IPC Lima Metropolitana,Inflación 12 meses,Precios,% 12 meses,2.6,2.4,0.2,8.3333,1.82,0.78,42.8571,2026-06-28,https://estadisticas.bcrp.gob.pe/estadisticas/series/mensuales/resultados/PN01273PM/html
2021-04-01,2021,4,Abril,T2,PN01273PM,Inflación anual - IPC Lima Metropolitana,Inflación 12 meses,Precios,% 12 meses,2.38,2.6,-0.22,-8.4615,1.72,0.66,38.3721,2026-06-28,https://estadisticas.bcrp.gob.pe/estadisticas/series/mensuales/resultados/PN01273PM/html
2021-05-01,2021,5,Mayo,T2,PN01273PM,Inflación anual - IPC Lima Metropolitana,Inflación 12 meses,Precios,% 12 meses,2.45,2.38,0.07,2.9412,1.78,0.67,37.6404,2026-06-28,https://estadisticas.bcrp.gob.pe/estadisticas/series/mensuales/resultados/PN01273PM/html
2021-06-01,2021,6,Junio,T2,PN01273PM,Inflación anual - IPC Lima Metropolitana,Inflación 12 meses,Precios,% 12 meses,3.25,2.45,0.8,32.6531,1.6,1.65,103.125,2026-06-28,https://estadisticas.bcrp.gob.pe/estadisticas/series/mensuales/resultados/PN01273PM/html
2021-07-01,2021,7,Julio,T3,PN01273PM,Inflación anual - IPC Lima Metropolitana,Inflación 12 meses,Precios,% 12 meses,3.81,3.25,0.56,17.2308,1.86,1.95,104.8387,2026-06-28,https://estadisticas.bcrp.gob.pe/estadisticas/series/mensuales/resultados/PN01273PM/html
2021-08-01,2021,8,Agosto,T3,PN01273PM,Inflación anual - IPC Lima Metropolitana,Inflación 12 meses,Precios,% 12 meses,4.95,3.81,1.14,29.9213,1.69,3.26,192.8994,2026-06-28,https://estadisticas.bcrp.gob.pe/estadisticas/series/mensuales/resultados/PN01273PM/html
2021-09-01,2021,9,Septiembre,T3,PN01273PM,Inflación anual - IPC Lima Metropolitana,Inflación 12 meses,Precios,% 12 meses,5.23,4.95,0.28,5.6566,1.82,3.41,187.3626,2026-06-28,https://estadisticas.bcrp.gob.pe/estadisticas/series/mensuales/resultados/PN01273PM/html
2021-10-01,2021,10,Octubre,T4,PN01273PM,Inflación anual - IPC Lima Metropolitana,Inflación 12 meses,Precios,% 12 meses,5.83,5.23,0.6,11.4723,1.72,4.11,238.9535,2026-06-28,https://estadisticas.bcrp.gob.pe/estadisticas/series/mensuales/resultados/PN01273PM/html
2021-11-01,2021,11,Noviembre,T4,PN01273PM,Inflación anual - IPC Lima Metropolitana,Inflación 12 meses,Precios,% 12 meses,5.66,5.83,-0.17,-2.916,2.14,3.52,164.486,2026-06-28,https://estadisticas.bcrp.gob.pe/estadisticas/series/mensuales/resultados/PN01273PM/html
2021-12-01,2021,12,Diciembre,T4,PN01273PM,Inflación anual - IPC Lima Metropolitana,Inflación 12 meses,Precios,% 12 meses,6.43,5.66,0.77,13.6042,1.97,4.46,226.3959,2026-06-28,https://estadisticas.bcrp.gob.pe/estadisticas/series/mensuales/resultados/PN01273PM/html
2022-01-01,2022,1,Enero,T1,PN01273PM,Inflación anual - IPC Lima Metropolitana,Inflación 12 meses,Precios,% 12 meses,5.68,6.43,-0.75,-11.6641,2.68,3.0,111.9403,2026-06-28,https://estadisticas.bcrp.gob.pe/estadisticas/series/mensuales/resultados/PN01273PM/html
2022-02-01,2022,2,Febrero,T1,PN01273PM,Inflación anual - IPC Lima Metropolitana,Inflación 12 meses,Precios,% 12 meses,6.15,5.68,0.47,8.2746,2.4,3.75,156.25,2026-06-28,https://estadisticas.bcrp.gob.pe/estadisticas/series/mensuales/resultados/PN01273PM/html
2022-03-01,2022,3,Marzo,T1,PN01273PM,Inflación anual - IPC Lima Metropolitana,Inflación 12 meses,Precios,% 12 meses,6.82,6.15,0.67,10.8943,2.6,4.22,162.3077,2026-06-28,https://estadisticas.bcrp.gob.pe/estadisticas/series/mensuales/resultados/PN01273PM/html
2022-04-01,2022,4,Abril,T2,PN01273PM,Inflación anual - IPC Lima Metropolitana,Inflación 12 meses,Precios,% 12 meses,7.96,6.82,1.14,16.7155,2.38,5.58,234.4538,2026-06-28,https://estadisticas.bcrp.gob.pe/estadisticas/series/mensuales/resultados/PN01273PM/html
2022-05-01,2022,5,Mayo,T2,PN01273PM,Inflación anual - IPC Lima Metropolitana,Inflación 12 meses,Precios,% 12 meses,8.09,7.96,0.13,1.6332,2.45,5.64,230.2041,2026-06-28,https://estadisticas.bcrp.gob.pe/estadisticas/series/mensuales/resultados/PN01273PM/html
2022-06-01,2022,6,Junio,T2,PN01273PM,Inflación anual - IPC Lima Metropolitana,Inflación 12 meses,Precios,% 12 meses,8.81,8.09,0.72,8.8999,3.25,5.56,171.0769,2026-06-28,https://estadisticas.bcrp.gob.pe/estadisticas/series/mensuales/resultados/PN01273PM/html
2022-07-01,2022,7,Julio,T3,PN01273PM,Inflación anual - IPC Lima Metropolitana,Inflación 12 meses,Precios,% 12 meses,8.74,8.81,-0.07,-0.7946,3.81,4.93,129.3963,2026-06-28,https://estadisticas.bcrp.gob.pe/estadisticas/series/mensuales/resultados/PN01273PM/html
2022-08-01,2022,8,Agosto,T3,PN01273PM,Inflación anual - IPC Lima Metropolitana,Inflación 12 meses,Precios,% 12 meses,8.4,8.74,-0.34,-3.8902,4.95,3.45,69.697,2026-06-28,https://estadisticas.bcrp.gob.pe/estadisticas/series/mensuales/resultados/PN01273PM/html
2022-09-01,2022,9,Septiembre,T3,PN01273PM,Inflación anual - IPC Lima Metropolitana,Inflación 12 meses,Precios,% 12 meses,8.53,8.4,0.13,1.5476,5.23,3.3,63.0975,2026-06-28,https://estadisticas.bcrp.gob.pe/estadisticas/series/mensuales/resultados/PN01273PM/html
2022-10-01,2022,10,Octubre,T4,PN01273PM,Inflación anual - IPC Lima Metropolitana,Inflación 12 meses,Precios,% 12 meses,8.28,8.53,-0.25,-2.9308,5.83,2.45,42.024,2026-06-28,https://estadisticas.bcrp.gob.pe/estadisticas/series/mensuales/resultados/PN01273PM/html
2022-11-01,2022,11,Noviembre,T4,PN01273PM,Inflación anual - IPC Lima Metropolitana,Inflación 12 meses,Precios,% 12 meses,8.45,8.28,0.17,2.0531,5.66,2.79,49.2933,2026-06-28,https://estadisticas.bcrp.gob.pe/estadisticas/series/mensuales/resultados/PN01273PM/html
2022-12-01,2022,12,Diciembre,T4,PN01273PM,Inflación anual - IPC Lima Metropolitana,Inflación 12 meses,Precios,% 12 meses,8.46,8.45,0.01,0.1183,6.43,2.03,31.5708,2026-06-28,https://estadisticas.bcrp.gob.pe/estadisticas/series/mensuales/resultados/PN01273PM/html
2023-01-01,2023,1,Enero,T1,PN01273PM,Inflación anual - IPC Lima Metropolitana,Inflación 12 meses,Precios,% 12 meses,8.66,8.46,0.2,2.3641,5.68,2.98,52.4648,2026-06-28,https://estadisticas.bcrp.gob.pe/estadisticas/series/mensuales/resultados/PN01273PM/html
2023-02-01,2023,2,Febrero,T1,PN01273PM,Inflación anual - IPC Lima Metropolitana,Inflación 12 meses,Precios,% 12 meses,8.65,8.66,-0.01,-0.1155,6.15,2.5,40.6504,2026-06-28,https://estadisticas.bcrp.gob.pe/estadisticas/series/mensuales/resultados/PN01273PM/html
2023-03-01,2023,3,Marzo,T1,PN01273PM,Inflación anual - IPC Lima Metropolitana,Inflación 12 meses,Precios,% 12 meses,8.4,8.65,-0.25,-2.8902,6.82,1.58,23.1672,2026-06-28,https://estadisticas.bcrp.gob.pe/estadisticas/series/mensuales/resultados/PN01273PM/html
2023-04-01,2023,4,Abril,T2,PN01273PM,Inflación anual - IPC Lima Metropolitana,Inflación 12 meses,Precios,% 12 meses,7.97,8.4,-0.43,-5.119,7.96,0.01,0.1256,2026-06-28,https://estadisticas.bcrp.gob.pe/estadisticas/series/mensuales/resultados/PN01273PM/html
2023-05-01,2023,5,Mayo,T2,PN01273PM,Inflación anual - IPC Lima Metropolitana,Inflación 12 meses,Precios,% 12 meses,7.89,7.97,-0.08,-1.0038,8.09,-0.2,-2.4722,2026-06-28,https://estadisticas.bcrp.gob.pe/estadisticas/series/mensuales/resultados/PN01273PM/html
2023-06-01,2023,6,Junio,T2,PN01273PM,Inflación anual - IPC Lima Metropolitana,Inflación 12 meses,Precios,% 12 meses,6.46,7.89,-1.43,-18.1242,8.81,-2.35,-26.6742,2026-06-28,https://estadisticas.bcrp.gob.pe/estadisticas/series/mensuales/resultados/PN01273PM/html
2023-07-01,2023,7,Julio,T3,PN01273PM,Inflación anual - IPC Lima Metropolitana,Inflación 12 meses,Precios,% 12 meses,5.88,6.46,-0.58,-8.9783,8.74,-2.86,-32.7231,2026-06-28,https://estadisticas.bcrp.gob.pe/estadisticas/series/mensuales/resultados/PN01273PM/html
2023-08-01,2023,8,Agosto,T3,PN01273PM,Inflación anual - IPC Lima Metropolitana,Inflación 12 meses,Precios,% 12 meses,5.58,5.88,-0.3,-5.102,8.4,-2.82,-33.5714,2026-06-28,https://estadisticas.bcrp.gob.pe/estadisticas/series/mensuales/resultados/PN01273PM/html
2023-09-01,2023,9,Septiembre,T3,PN01273PM,Inflación anual - IPC Lima Metropolitana,Inflación 12 meses,Precios,% 12 meses,5.04,5.58,-0.54,-9.6774,8.53,-3.49,-40.9144,2026-06-28,https://estadisticas.bcrp.gob.pe/estadisticas/series/mensuales/resultados/PN01273PM/html
2023-10-01,2023,10,Octubre,T4,PN01273PM,Inflación anual - IPC Lima Metropolitana,Inflación 12 meses,Precios,% 12 meses,4.34,5.04,-0.7,-13.8889,8.28,-3.94,-47.5845,2026-06-28,https://estadisticas.bcrp.gob.pe/estadisticas/series/mensuales/resultados/PN01273PM/html
2023-11-01,2023,11,Noviembre,T4,PN01273PM,Inflación anual - IPC Lima Metropolitana,Inflación 12 meses,Precios,% 12 meses,3.64,4.34,-0.7,-16.129,8.45,-4.81,-56.9231,2026-06-28,https://estadisticas.bcrp.gob.pe/estadisticas/series/mensuales/resultados/PN01273PM/html
2023-12-01,2023,12,Diciembre,T4,PN01273PM,Inflación anual - IPC Lima Metropolitana,Inflación 12 meses,Precios,% 12 meses,3.24,3.64,-0.4,-10.989,8.46,-5.22,-61.7021,2026-06-28,https://estadisticas.bcrp.gob.pe/estadisticas/series/mensuales/resultados/PN01273PM/html
2024-01-01,2024,1,Enero,T1,PN01273PM,Inflación anual - IPC Lima Metropolitana,Inflación 12 meses,Precios,% 12 meses,3.02,3.24,-0.22,-6.7901,8.66,-5.64,-65.127,2026-06-28,https://estadisticas.bcrp.gob.pe/estadisticas/series/mensuales/resultados/PN01273PM/html
2024-02-01,2024,2,Febrero,T1,PN01273PM,Inflación anual - IPC Lima Metropolitana,Inflación 12 meses,Precios,% 12 meses,3.29,3.02,0.27,8.9404,8.65,-5.36,-61.9653,2026-06-28,https://estadisticas.bcrp.gob.pe/estadisticas/series/mensuales/resultados/PN01273PM/html
2024-03-01,2024,3,Marzo,T1,PN01273PM,Inflación anual - IPC Lima Metropolitana,Inflación 12 meses,Precios,% 12 meses,3.05,3.29,-0.24,-7.2948,8.4,-5.35,-63.6905,2026-06-28,https://estadisticas.bcrp.gob.pe/estadisticas/series/mensuales/resultados/PN01273PM/html
2024-04-01,2024,4,Abril,T2,PN01273PM,Inflación anual - IPC Lima Metropolitana,Inflación 12 meses,Precios,% 12 meses,2.42,3.05,-0.63,-20.6557,7.97,-5.55,-69.6361,2026-06-28,https://estadisticas.bcrp.gob.pe/estadisticas/series/mensuales/resultados/PN01273PM/html
2024-05-01,2024,5,Mayo,T2,PN01273PM,Inflación anual - IPC Lima Metropolitana,Inflación 12 meses,Precios,% 12 meses,2.0,2.42,-0.42,-17.3554,7.89,-5.89,-74.6515,2026-06-28,https://estadisticas.bcrp.gob.pe/estadisticas/series/mensuales/resultados/PN01273PM/html
2024-06-01,2024,6,Junio,T2,PN01273PM,Inflación anual - IPC Lima Metropolitana,Inflación 12 meses,Precios,% 12 meses,2.29,2.0,0.29,14.5,6.46,-4.17,-64.5511,2026-06-28,https://estadisticas.bcrp.gob.pe/estadisticas/series/mensuales/resultados/PN01273PM/html
2024-07-01,2024,7,Julio,T3,PN01273PM,Inflación anual - IPC Lima Metropolitana,Inflación 12 meses,Precios,% 12 meses,2.13,2.29,-0.16,-6.9869,5.88,-3.75,-63.7755,2026-06-28,https://estadisticas.bcrp.gob.pe/estadisticas/series/mensuales/resultados/PN01273PM/html
2024-08-01,2024,8,Agosto,T3,PN01273PM,Inflación anual - IPC Lima Metropolitana,Inflación 12 meses,Precios,% 12 meses,2.03,2.13,-0.1,-4.6948,5.58,-3.55,-63.6201,2026-06-28,https://estadisticas.bcrp.gob.pe/estadisticas/series/mensuales/resultados/PN01273PM/html
2024-09-01,2024,9,Septiembre,T3,PN01273PM,Inflación anual - IPC Lima Metropolitana,Inflación 12 meses,Precios,% 12 meses,1.78,2.03,-0.25,-12.3153,5.04,-3.26,-64.6825,2026-06-28,https://estadisticas.bcrp.gob.pe/estadisticas/series/mensuales/resultados/PN01273PM/html
2024-10-01,2024,10,Octubre,T4,PN01273PM,Inflación anual - IPC Lima Metropolitana,Inflación 12 meses,Precios,% 12 meses,2.01,1.78,0.23,12.9213,4.34,-2.33,-53.6866,2026-06-28,https://estadisticas.bcrp.gob.pe/estadisticas/series/mensuales/resultados/PN01273PM/html
2024-11-01,2024,11,Noviembre,T4,PN01273PM,Inflación anual - IPC Lima Metropolitana,Inflación 12 meses,Precios,% 12 meses,2.27,2.01,0.26,12.9353,3.64,-1.37,-37.6374,2026-06-28,https://estadisticas.bcrp.gob.pe/estadisticas/series/mensuales/resultados/PN01273PM/html
2024-12-01,2024,12,Diciembre,T4,PN01273PM,Inflación anual - IPC Lima Metropolitana,Inflación 12 meses,Precios,% 12 meses,1.97,2.27,-0.3,-13.2159,3.24,-1.27,-39.1975,2026-06-28,https://estadisticas.bcrp.gob.pe/estadisticas/series/mensuales/resultados/PN01273PM/html
2025-01-01,2025,1,Enero,T1,PN01273PM,Inflación anual - IPC Lima Metropolitana,Inflación 12 meses,Precios,% 12 meses,1.85,1.97,-0.12,-6.0914,3.02,-1.17,-38.7417,2026-06-28,https://estadisticas.bcrp.gob.pe/estadisticas/series/mensuales/resultados/PN01273PM/html
2025-02-01,2025,2,Febrero,T1,PN01273PM,Inflación anual - IPC Lima Metropolitana,Inflación 12 meses,Precios,% 12 meses,1.48,1.85,-0.37,-20.0,3.29,-1.81,-55.0152,2026-06-28,https://estadisticas.bcrp.gob.pe/estadisticas/series/mensuales/resultados/PN01273PM/html
2025-03-01,2025,3,Marzo,T1,PN01273PM,Inflación anual - IPC Lima Metropolitana,Inflación 12 meses,Precios,% 12 meses,1.28,1.48,-0.2,-13.5135,3.05,-1.77,-58.0328,2026-06-28,https://estadisticas.bcrp.gob.pe/estadisticas/series/mensuales/resultados/PN01273PM/html
2025-04-01,2025,4,Abril,T2,PN01273PM,Inflación anual - IPC Lima Metropolitana,Inflación 12 meses,Precios,% 12 meses,1.65,1.28,0.37,28.9062,2.42,-0.77,-31.8182,2026-06-28,https://estadisticas.bcrp.gob.pe/estadisticas/series/mensuales/resultados/PN01273PM/html
2025-05-01,2025,5,Mayo,T2,PN01273PM,Inflación anual - IPC Lima Metropolitana,Inflación 12 meses,Precios,% 12 meses,1.69,1.65,0.04,2.4242,2.0,-0.31,-15.5,2026-06-28,https://estadisticas.bcrp.gob.pe/estadisticas/series/mensuales/resultados/PN01273PM/html
2025-06-01,2025,6,Junio,T2,PN01273PM,Inflación anual - IPC Lima Metropolitana,Inflación 12 meses,Precios,% 12 meses,1.69,1.69,0.0,0.0,2.29,-0.6,-26.2009,2026-06-28,https://estadisticas.bcrp.gob.pe/estadisticas/series/mensuales/resultados/PN01273PM/html
2025-07-01,2025,7,Julio,T3,PN01273PM,Inflación anual - IPC Lima Metropolitana,Inflación 12 meses,Precios,% 12 meses,1.69,1.69,0.0,0.0,2.13,-0.44,-20.6573,2026-06-28,https://estadisticas.bcrp.gob.pe/estadisticas/series/mensuales/resultados/PN01273PM/html
2025-08-01,2025,8,Agosto,T3,PN01273PM,Inflación anual - IPC Lima Metropolitana,Inflación 12 meses,Precios,% 12 meses,1.11,1.69,-0.58,-34.3195,2.03,-0.92,-45.3202,2026-06-28,https://estadisticas.bcrp.gob.pe/estadisticas/series/mensuales/resultados/PN01273PM/html
2025-09-01,2025,9,Septiembre,T3,PN01273PM,Inflación anual - IPC Lima Metropolitana,Inflación 12 meses,Precios,% 12 meses,1.36,1.11,0.25,22.5225,1.78,-0.42,-23.5955,2026-06-28,https://estadisticas.bcrp.gob.pe/estadisticas/series/mensuales/resultados/PN01273PM/html
2025-10-01,2025,10,Octubre,T4,PN01273PM,Inflación anual - IPC Lima Metropolitana,Inflación 12 meses,Precios,% 12 meses,1.35,1.36,-0.01,-0.7353,2.01,-0.66,-32.8358,2026-06-28,https://estadisticas.bcrp.gob.pe/estadisticas/series/mensuales/resultados/PN01273PM/html
2025-11-01,2025,11,Noviembre,T4,PN01273PM,Inflación anual - IPC Lima Metropolitana,Inflación 12 meses,Precios,% 12 meses,1.37,1.35,0.02,1.4815,2.27,-0.9,-39.6476,2026-06-28,https://estadisticas.bcrp.gob.pe/estadisticas/series/mensuales/resultados/PN01273PM/html
2025-12-01,2025,12,Diciembre,T4,PN01273PM,Inflación anual - IPC Lima Metropolitana,Inflación 12 meses,Precios,% 12 meses,1.51,1.37,0.14,10.219,1.97,-0.46,-23.3503,2026-06-28,https://estadisticas.bcrp.gob.pe/estadisticas/series/mensuales/resultados/PN01273PM/html
2026-01-01,2026,1,Enero,T1,PN01273PM,Inflación anual - IPC Lima Metropolitana,Inflación 12 meses,Precios,% 12 meses,1.7,1.51,0.19,12.5828,1.85,-0.15,-8.1081,2026-06-28,https://estadisticas.bcrp.gob.pe/estadisticas/series/mensuales/resultados/PN01273PM/html
2026-02-01,2026,2,Febrero,T1,PN01273PM,Inflación anual - IPC Lima Metropolitana,Inflación 12 meses,Precios,% 12 meses,2.21,1.7,0.51,30.0,1.48,0.73,49.3243,2026-06-28,https://estadisticas.bcrp.gob.pe/estadisticas/series/mensuales/resultados/PN01273PM/html
2026-03-01,2026,3,Marzo,T1,PN01273PM,Inflación anual - IPC Lima Metropolitana,Inflación 12 meses,Precios,% 12 meses,3.8,2.21,1.59,71.9457,1.28,2.52,196.875,2026-06-28,https://estadisticas.bcrp.gob.pe/estadisticas/series/mensuales/resultados/PN01273PM/html
2026-04-01,2026,4,Abril,T2,PN01273PM,Inflación anual - IPC Lima Metropolitana,Inflación 12 meses,Precios,% 12 meses,4.01,3.8,0.21,5.5263,1.65,2.36,143.0303,2026-06-28,https://estadisticas.bcrp.gob.pe/estadisticas/series/mensuales/resultados/PN01273PM/html
2026-05-01,2026,5,Mayo,T2,PN01273PM,Inflación anual - IPC Lima Metropolitana,Inflación 12 meses,Precios,% 12 meses,3.91,4.01,-0.1,-2.4938,1.69,2.22,131.3609,2026-06-28,https://estadisticas.bcrp.gob.pe/estadisticas/series/mensuales/resultados/PN01273PM/html
2020-01-01,2020,1,Enero,T1,PN01770AM,PBI - índice 2007=100,PBI,Actividad económica,Índice 2007=100,162.4,,,,,,,2026-06-28,https://estadisticas.bcrp.gob.pe/estadisticas/series/mensuales/resultados/PN01770AM
2020-02-01,2020,2,Febrero,T1,PN01770AM,PBI - índice 2007=100,PBI,Actividad económica,Índice 2007=100,161.7,162.4,-0.7,-0.431,,,,2026-06-28,https://estadisticas.bcrp.gob.pe/estadisticas/series/mensuales/resultados/PN01770AM
2020-03-01,2020,3,Marzo,T1,PN01770AM,PBI - índice 2007=100,PBI,Actividad económica,Índice 2007=100,137.5,161.7,-24.2,-14.966,,,,2026-06-28,https://estadisticas.bcrp.gob.pe/estadisticas/series/mensuales/resultados/PN01770AM
2020-04-01,2020,4,Abril,T2,PN01770AM,PBI - índice 2007=100,PBI,Actividad económica,Índice 2007=100,102.9,137.5,-34.6,-25.1636,,,,2026-06-28,https://estadisticas.bcrp.gob.pe/estadisticas/series/mensuales/resultados/PN01770AM
2020-05-01,2020,5,Mayo,T2,PN01770AM,PBI - índice 2007=100,PBI,Actividad económica,Índice 2007=100,118.0,102.9,15.1,14.6744,,,,2026-06-28,https://estadisticas.bcrp.gob.pe/estadisticas/series/mensuales/resultados/PN01770AM
2020-06-01,2020,6,Junio,T2,PN01770AM,PBI - índice 2007=100,PBI,Actividad económica,Índice 2007=100,139.4,118.0,21.4,18.1356,,,,2026-06-28,https://estadisticas.bcrp.gob.pe/estadisticas/series/mensuales/resultados/PN01770AM
2020-07-01,2020,7,Julio,T3,PN01770AM,PBI - índice 2007=100,PBI,Actividad económica,Índice 2007=100,154.0,139.4,14.6,10.4735,,,,2026-06-28,https://estadisticas.bcrp.gob.pe/estadisticas/series/mensuales/resultados/PN01770AM
2020-08-01,2020,8,Agosto,T3,PN01770AM,PBI - índice 2007=100,PBI,Actividad económica,Índice 2007=100,156.8,154.0,2.8,1.8182,,,,2026-06-28,https://estadisticas.bcrp.gob.pe/estadisticas/series/mensuales/resultados/PN01770AM
2020-09-01,2020,9,Septiembre,T3,PN01770AM,PBI - índice 2007=100,PBI,Actividad económica,Índice 2007=100,162.2,156.8,5.4,3.4439,,,,2026-06-28,https://estadisticas.bcrp.gob.pe/estadisticas/series/mensuales/resultados/PN01770AM
2020-10-01,2020,10,Octubre,T4,PN01770AM,PBI - índice 2007=100,PBI,Actividad económica,Índice 2007=100,170.5,162.2,8.3,5.1171,,,,2026-06-28,https://estadisticas.bcrp.gob.pe/estadisticas/series/mensuales/resultados/PN01770AM
2020-11-01,2020,11,Noviembre,T4,PN01770AM,PBI - índice 2007=100,PBI,Actividad económica,Índice 2007=100,170.5,170.5,0.0,0.0,,,,2026-06-28,https://estadisticas.bcrp.gob.pe/estadisticas/series/mensuales/resultados/PN01770AM
2020-12-01,2020,12,Diciembre,T4,PN01770AM,PBI - índice 2007=100,PBI,Actividad económica,Índice 2007=100,191.5,170.5,21.0,12.3167,,,,2026-06-28,https://estadisticas.bcrp.gob.pe/estadisticas/series/mensuales/resultados/PN01770AM
2021-01-01,2021,1,Enero,T1,PN01770AM,PBI - índice 2007=100,PBI,Actividad económica,Índice 2007=100,160.8,191.5,-30.7,-16.0313,162.4,-1.6,-0.9852,2026-06-28,https://estadisticas.bcrp.gob.pe/estadisticas/series/mensuales/resultados/PN01770AM
2021-02-01,2021,2,Febrero,T1,PN01770AM,PBI - índice 2007=100,PBI,Actividad económica,Índice 2007=100,155.5,160.8,-5.3,-3.296,161.7,-6.2,-3.8343,2026-06-28,https://estadisticas.bcrp.gob.pe/estadisticas/series/mensuales/resultados/PN01770AM
2021-03-01,2021,3,Marzo,T1,PN01770AM,PBI - índice 2007=100,PBI,Actividad económica,Índice 2007=100,164.8,155.5,9.3,5.9807,137.5,27.3,19.8545,2026-06-28,https://estadisticas.bcrp.gob.pe/estadisticas/series/mensuales/resultados/PN01770AM
2021-04-01,2021,4,Abril,T2,PN01770AM,PBI - índice 2007=100,PBI,Actividad económica,Índice 2007=100,164.5,164.8,-0.3,-0.182,102.9,61.6,59.8639,2026-06-28,https://estadisticas.bcrp.gob.pe/estadisticas/series/mensuales/resultados/PN01770AM
2021-05-01,2021,5,Mayo,T2,PN01770AM,PBI - índice 2007=100,PBI,Actividad económica,Índice 2007=100,175.3,164.5,10.8,6.5653,118.0,57.3,48.5593,2026-06-28,https://estadisticas.bcrp.gob.pe/estadisticas/series/mensuales/resultados/PN01770AM
2021-06-01,2021,6,Junio,T2,PN01770AM,PBI - índice 2007=100,PBI,Actividad económica,Índice 2007=100,172.0,175.3,-3.3,-1.8825,139.4,32.6,23.3859,2026-06-28,https://estadisticas.bcrp.gob.pe/estadisticas/series/mensuales/resultados/PN01770AM
2021-07-01,2021,7,Julio,T3,PN01770AM,PBI - índice 2007=100,PBI,Actividad económica,Índice 2007=100,174.5,172.0,2.5,1.4535,154.0,20.5,13.3117,2026-06-28,https://estadisticas.bcrp.gob.pe/estadisticas/series/mensuales/resultados/PN01770AM
2021-08-01,2021,8,Agosto,T3,PN01770AM,PBI - índice 2007=100,PBI,Actividad económica,Índice 2007=100,175.6,174.5,1.1,0.6304,156.8,18.8,11.9898,2026-06-28,https://estadisticas.bcrp.gob.pe/estadisticas/series/mensuales/resultados/PN01770AM
2021-09-01,2021,9,Septiembre,T3,PN01770AM,PBI - índice 2007=100,PBI,Actividad económica,Índice 2007=100,178.5,175.6,2.9,1.6515,162.2,16.3,10.0493,2026-06-28,https://estadisticas.bcrp.gob.pe/estadisticas/series/mensuales/resultados/PN01770AM
2021-10-01,2021,10,Octubre,T4,PN01770AM,PBI - índice 2007=100,PBI,Actividad económica,Índice 2007=100,178.6,178.5,0.1,0.056,170.5,8.1,4.7507,2026-06-28,https://estadisticas.bcrp.gob.pe/estadisticas/series/mensuales/resultados/PN01770AM
2021-11-01,2021,11,Noviembre,T4,PN01770AM,PBI - índice 2007=100,PBI,Actividad económica,Índice 2007=100,176.9,178.6,-1.7,-0.9518,170.5,6.4,3.7537,2026-06-28,https://estadisticas.bcrp.gob.pe/estadisticas/series/mensuales/resultados/PN01770AM
2021-12-01,2021,12,Diciembre,T4,PN01770AM,PBI - índice 2007=100,PBI,Actividad económica,Índice 2007=100,195.4,176.9,18.5,10.4579,191.5,3.9,2.0366,2026-06-28,https://estadisticas.bcrp.gob.pe/estadisticas/series/mensuales/resultados/PN01770AM
2022-01-01,2022,1,Enero,T1,PN01770AM,PBI - índice 2007=100,PBI,Actividad económica,Índice 2007=100,165.7,195.4,-29.7,-15.1996,160.8,4.9,3.0473,2026-06-28,https://estadisticas.bcrp.gob.pe/estadisticas/series/mensuales/resultados/PN01770AM
2022-02-01,2022,2,Febrero,T1,PN01770AM,PBI - índice 2007=100,PBI,Actividad económica,Índice 2007=100,163.1,165.7,-2.6,-1.5691,155.5,7.6,4.8875,2026-06-28,https://estadisticas.bcrp.gob.pe/estadisticas/series/mensuales/resultados/PN01770AM
2022-03-01,2022,3,Marzo,T1,PN01770AM,PBI - índice 2007=100,PBI,Actividad económica,Índice 2007=100,171.3,163.1,8.2,5.0276,164.8,6.5,3.9442,2026-06-28,https://estadisticas.bcrp.gob.pe/estadisticas/series/mensuales/resultados/PN01770AM
2022-04-01,2022,4,Abril,T2,PN01770AM,PBI - índice 2007=100,PBI,Actividad económica,Índice 2007=100,171.2,171.3,-0.1,-0.0584,164.5,6.7,4.0729,2026-06-28,https://estadisticas.bcrp.gob.pe/estadisticas/series/mensuales/resultados/PN01770AM
2022-05-01,2022,5,Mayo,T2,PN01770AM,PBI - índice 2007=100,PBI,Actividad económica,Índice 2007=100,179.8,171.2,8.6,5.0234,175.3,4.5,2.567,2026-06-28,https://estadisticas.bcrp.gob.pe/estadisticas/series/mensuales/resultados/PN01770AM
2022-06-01,2022,6,Junio,T2,PN01770AM,PBI - índice 2007=100,PBI,Actividad económica,Índice 2007=100,178.4,179.8,-1.4,-0.7786,172.0,6.4,3.7209,2026-06-28,https://estadisticas.bcrp.gob.pe/estadisticas/series/mensuales/resultados/PN01770AM
2022-07-01,2022,7,Julio,T3,PN01770AM,PBI - índice 2007=100,PBI,Actividad económica,Índice 2007=100,178.0,178.4,-0.4,-0.2242,174.5,3.5,2.0057,2026-06-28,https://estadisticas.bcrp.gob.pe/estadisticas/series/mensuales/resultados/PN01770AM
2022-08-01,2022,8,Agosto,T3,PN01770AM,PBI - índice 2007=100,PBI,Actividad económica,Índice 2007=100,179.1,178.0,1.1,0.618,175.6,3.5,1.9932,2026-06-28,https://estadisticas.bcrp.gob.pe/estadisticas/series/mensuales/resultados/PN01770AM
2022-09-01,2022,9,Septiembre,T3,PN01770AM,PBI - índice 2007=100,PBI,Actividad económica,Índice 2007=100,182.4,179.1,3.3,1.8425,178.5,3.9,2.1849,2026-06-28,https://estadisticas.bcrp.gob.pe/estadisticas/series/mensuales/resultados/PN01770AM
2022-10-01,2022,10,Octubre,T4,PN01770AM,PBI - índice 2007=100,PBI,Actividad económica,Índice 2007=100,183.3,182.4,0.9,0.4934,178.6,4.7,2.6316,2026-06-28,https://estadisticas.bcrp.gob.pe/estadisticas/series/mensuales/resultados/PN01770AM
2022-11-01,2022,11,Noviembre,T4,PN01770AM,PBI - índice 2007=100,PBI,Actividad económica,Índice 2007=100,180.8,183.3,-2.5,-1.3639,176.9,3.9,2.2046,2026-06-28,https://estadisticas.bcrp.gob.pe/estadisticas/series/mensuales/resultados/PN01770AM
2022-12-01,2022,12,Diciembre,T4,PN01770AM,PBI - índice 2007=100,PBI,Actividad económica,Índice 2007=100,197.9,180.8,17.1,9.458,195.4,2.5,1.2794,2026-06-28,https://estadisticas.bcrp.gob.pe/estadisticas/series/mensuales/resultados/PN01770AM
2023-01-01,2023,1,Enero,T1,PN01770AM,PBI - índice 2007=100,PBI,Actividad económica,Índice 2007=100,164.7,197.9,-33.2,-16.7761,165.7,-1.0,-0.6035,2026-06-28,https://estadisticas.bcrp.gob.pe/estadisticas/series/mensuales/resultados/PN01770AM
2023-02-01,2023,2,Febrero,T1,PN01770AM,PBI - índice 2007=100,PBI,Actividad económica,Índice 2007=100,162.5,164.7,-2.2,-1.3358,163.1,-0.6,-0.3679,2026-06-28,https://estadisticas.bcrp.gob.pe/estadisticas/series/mensuales/resultados/PN01770AM
2023-03-01,2023,3,Marzo,T1,PN01770AM,PBI - índice 2007=100,PBI,Actividad económica,Índice 2007=100,172.7,162.5,10.2,6.2769,171.3,1.4,0.8173,2026-06-28,https://estadisticas.bcrp.gob.pe/estadisticas/series/mensuales/resultados/PN01770AM
2023-04-01,2023,4,Abril,T2,PN01770AM,PBI - índice 2007=100,PBI,Actividad económica,Índice 2007=100,172.4,172.7,-0.3,-0.1737,171.2,1.2,0.7009,2026-06-28,https://estadisticas.bcrp.gob.pe/estadisticas/series/mensuales/resultados/PN01770AM
2023-05-01,2023,5,Mayo,T2,PN01770AM,PBI - índice 2007=100,PBI,Actividad económica,Índice 2007=100,177.7,172.4,5.3,3.0742,179.8,-2.1,-1.168,2026-06-28,https://estadisticas.bcrp.gob.pe/estadisticas/series/mensuales/resultados/PN01770AM
2023-06-01,2023,6,Junio,T2,PN01770AM,PBI - índice 2007=100,PBI,Actividad económica,Índice 2007=100,177.2,177.7,-0.5,-0.2814,178.4,-1.2,-0.6726,2026-06-28,https://estadisticas.bcrp.gob.pe/estadisticas/series/mensuales/resultados/PN01770AM
2023-07-01,2023,7,Julio,T3,PN01770AM,PBI - índice 2007=100,PBI,Actividad económica,Índice 2007=100,176.2,177.2,-1.0,-0.5643,178.0,-1.8,-1.0112,2026-06-28,https://estadisticas.bcrp.gob.pe/estadisticas/series/mensuales/resultados/PN01770AM
2023-08-01,2023,8,Agosto,T3,PN01770AM,PBI - índice 2007=100,PBI,Actividad económica,Índice 2007=100,179.2,176.2,3.0,1.7026,179.1,0.1,0.0558,2026-06-28,https://estadisticas.bcrp.gob.pe/estadisticas/series/mensuales/resultados/PN01770AM
2023-09-01,2023,9,Septiembre,T3,PN01770AM,PBI - índice 2007=100,PBI,Actividad económica,Índice 2007=100,180.7,179.2,1.5,0.8371,182.4,-1.7,-0.932,2026-06-28,https://estadisticas.bcrp.gob.pe/estadisticas/series/mensuales/resultados/PN01770AM
2023-10-01,2023,10,Octubre,T4,PN01770AM,PBI - índice 2007=100,PBI,Actividad económica,Índice 2007=100,182.0,180.7,1.3,0.7194,183.3,-1.3,-0.7092,2026-06-28,https://estadisticas.bcrp.gob.pe/estadisticas/series/mensuales/resultados/PN01770AM
2023-11-01,2023,11,Noviembre,T4,PN01770AM,PBI - índice 2007=100,PBI,Actividad económica,Índice 2007=100,182.1,182.0,0.1,0.0549,180.8,1.3,0.719,2026-06-28,https://estadisticas.bcrp.gob.pe/estadisticas/series/mensuales/resultados/PN01770AM
2023-12-01,2023,12,Diciembre,T4,PN01770AM,PBI - índice 2007=100,PBI,Actividad económica,Índice 2007=100,196.1,182.1,14.0,7.6881,197.9,-1.8,-0.9096,2026-06-28,https://estadisticas.bcrp.gob.pe/estadisticas/series/mensuales/resultados/PN01770AM
2024-01-01,2024,1,Enero,T1,PN01770AM,PBI - índice 2007=100,PBI,Actividad económica,Índice 2007=100,167.8,196.1,-28.3,-14.4314,164.7,3.1,1.8822,2026-06-28,https://estadisticas.bcrp.gob.pe/estadisticas/series/mensuales/resultados/PN01770AM
2024-02-01,2024,2,Febrero,T1,PN01770AM,PBI - índice 2007=100,PBI,Actividad económica,Índice 2007=100,167.6,167.8,-0.2,-0.1192,162.5,5.1,3.1385,2026-06-28,https://estadisticas.bcrp.gob.pe/estadisticas/series/mensuales/resultados/PN01770AM
2024-03-01,2024,3,Marzo,T1,PN01770AM,PBI - índice 2007=100,PBI,Actividad económica,Índice 2007=100,172.0,167.6,4.4,2.6253,172.7,-0.7,-0.4053,2026-06-28,https://estadisticas.bcrp.gob.pe/estadisticas/series/mensuales/resultados/PN01770AM
2024-04-01,2024,4,Abril,T2,PN01770AM,PBI - índice 2007=100,PBI,Actividad económica,Índice 2007=100,181.9,172.0,9.9,5.7558,172.4,9.5,5.5104,2026-06-28,https://estadisticas.bcrp.gob.pe/estadisticas/series/mensuales/resultados/PN01770AM
2024-05-01,2024,5,Mayo,T2,PN01770AM,PBI - índice 2007=100,PBI,Actividad económica,Índice 2007=100,187.9,181.9,6.0,3.2985,177.7,10.2,5.74,2026-06-28,https://estadisticas.bcrp.gob.pe/estadisticas/series/mensuales/resultados/PN01770AM
2024-06-01,2024,6,Junio,T2,PN01770AM,PBI - índice 2007=100,PBI,Actividad económica,Índice 2007=100,177.8,187.9,-10.1,-5.3752,177.2,0.6,0.3386,2026-06-28,https://estadisticas.bcrp.gob.pe/estadisticas/series/mensuales/resultados/PN01770AM
2024-07-01,2024,7,Julio,T3,PN01770AM,PBI - índice 2007=100,PBI,Actividad económica,Índice 2007=100,184.7,177.8,6.9,3.8808,176.2,8.5,4.8241,2026-06-28,https://estadisticas.bcrp.gob.pe/estadisticas/series/mensuales/resultados/PN01770AM
2024-08-01,2024,8,Agosto,T3,PN01770AM,PBI - índice 2007=100,PBI,Actividad económica,Índice 2007=100,186.4,184.7,1.7,0.9204,179.2,7.2,4.0179,2026-06-28,https://estadisticas.bcrp.gob.pe/estadisticas/series/mensuales/resultados/PN01770AM
2024-09-01,2024,9,Septiembre,T3,PN01770AM,PBI - índice 2007=100,PBI,Actividad económica,Índice 2007=100,187.0,186.4,0.6,0.3219,180.7,6.3,3.4864,2026-06-28,https://estadisticas.bcrp.gob.pe/estadisticas/series/mensuales/resultados/PN01770AM
2024-10-01,2024,10,Octubre,T4,PN01770AM,PBI - índice 2007=100,PBI,Actividad económica,Índice 2007=100,189.0,187.0,2.0,1.0695,182.0,7.0,3.8462,2026-06-28,https://estadisticas.bcrp.gob.pe/estadisticas/series/mensuales/resultados/PN01770AM
2024-11-01,2024,11,Noviembre,T4,PN01770AM,PBI - índice 2007=100,PBI,Actividad económica,Índice 2007=100,190.1,189.0,1.1,0.582,182.1,8.0,4.3932,2026-06-28,https://estadisticas.bcrp.gob.pe/estadisticas/series/mensuales/resultados/PN01770AM
2024-12-01,2024,12,Diciembre,T4,PN01770AM,PBI - índice 2007=100,PBI,Actividad económica,Índice 2007=100,206.0,190.1,15.9,8.364,196.1,9.9,5.0484,2026-06-28,https://estadisticas.bcrp.gob.pe/estadisticas/series/mensuales/resultados/PN01770AM
2025-01-01,2025,1,Enero,T1,PN01770AM,PBI - índice 2007=100,PBI,Actividad económica,Índice 2007=100,175.2,206.0,-30.8,-14.9515,167.8,7.4,4.41,2026-06-28,https://estadisticas.bcrp.gob.pe/estadisticas/series/mensuales/resultados/PN01770AM
2025-02-01,2025,2,Febrero,T1,PN01770AM,PBI - índice 2007=100,PBI,Actividad económica,Índice 2007=100,172.5,175.2,-2.7,-1.5411,167.6,4.9,2.9236,2026-06-28,https://estadisticas.bcrp.gob.pe/estadisticas/series/mensuales/resultados/PN01770AM
2025-03-01,2025,3,Marzo,T1,PN01770AM,PBI - índice 2007=100,PBI,Actividad económica,Índice 2007=100,180.2,172.5,7.7,4.4638,172.0,8.2,4.7674,2026-06-28,https://estadisticas.bcrp.gob.pe/estadisticas/series/mensuales/resultados/PN01770AM
2025-04-01,2025,4,Abril,T2,PN01770AM,PBI - índice 2007=100,PBI,Actividad económica,Índice 2007=100,184.4,180.2,4.2,2.3307,181.9,2.5,1.3744,2026-06-28,https://estadisticas.bcrp.gob.pe/estadisticas/series/mensuales/resultados/PN01770AM
2025-05-01,2025,5,Mayo,T2,PN01770AM,PBI - índice 2007=100,PBI,Actividad económica,Índice 2007=100,192.2,184.4,7.8,4.2299,187.9,4.3,2.2885,2026-06-28,https://estadisticas.bcrp.gob.pe/estadisticas/series/mensuales/resultados/PN01770AM
2025-06-01,2025,6,Junio,T2,PN01770AM,PBI - índice 2007=100,PBI,Actividad económica,Índice 2007=100,186.6,192.2,-5.6,-2.9136,177.8,8.8,4.9494,2026-06-28,https://estadisticas.bcrp.gob.pe/estadisticas/series/mensuales/resultados/PN01770AM
2025-07-01,2025,7,Julio,T3,PN01770AM,PBI - índice 2007=100,PBI,Actividad económica,Índice 2007=100,191.3,186.6,4.7,2.5188,184.7,6.6,3.5734,2026-06-28,https://estadisticas.bcrp.gob.pe/estadisticas/series/mensuales/resultados/PN01770AM
2025-08-01,2025,8,Agosto,T3,PN01770AM,PBI - índice 2007=100,PBI,Actividad económica,Índice 2007=100,192.5,191.3,1.2,0.6273,186.4,6.1,3.2725,2026-06-28,https://estadisticas.bcrp.gob.pe/estadisticas/series/mensuales/resultados/PN01770AM
2025-09-01,2025,9,Septiembre,T3,PN01770AM,PBI - índice 2007=100,PBI,Actividad económica,Índice 2007=100,195.4,192.5,2.9,1.5065,187.0,8.4,4.492,2026-06-28,https://estadisticas.bcrp.gob.pe/estadisticas/series/mensuales/resultados/PN01770AM
2025-10-01,2025,10,Octubre,T4,PN01770AM,PBI - índice 2007=100,PBI,Actividad económica,Índice 2007=100,196.7,195.4,1.3,0.6653,189.0,7.7,4.0741,2026-06-28,https://estadisticas.bcrp.gob.pe/estadisticas/series/mensuales/resultados/PN01770AM
2025-11-01,2025,11,Noviembre,T4,PN01770AM,PBI - índice 2007=100,PBI,Actividad económica,Índice 2007=100,193.0,196.7,-3.7,-1.881,190.1,2.9,1.5255,2026-06-28,https://estadisticas.bcrp.gob.pe/estadisticas/series/mensuales/resultados/PN01770AM
2025-12-01,2025,12,Diciembre,T4,PN01770AM,PBI - índice 2007=100,PBI,Actividad económica,Índice 2007=100,213.9,193.0,20.9,10.829,206.0,7.9,3.835,2026-06-28,https://estadisticas.bcrp.gob.pe/estadisticas/series/mensuales/resultados/PN01770AM
2026-01-01,2026,1,Enero,T1,PN01770AM,PBI - índice 2007=100,PBI,Actividad económica,Índice 2007=100,181.6,213.9,-32.3,-15.1005,175.2,6.4,3.653,2026-06-28,https://estadisticas.bcrp.gob.pe/estadisticas/series/mensuales/resultados/PN01770AM
2026-02-01,2026,2,Febrero,T1,PN01770AM,PBI - índice 2007=100,PBI,Actividad económica,Índice 2007=100,178.9,181.6,-2.7,-1.4868,172.5,6.4,3.7101,2026-06-28,https://estadisticas.bcrp.gob.pe/estadisticas/series/mensuales/resultados/PN01770AM
2026-03-01,2026,3,Marzo,T1,PN01770AM,PBI - índice 2007=100,PBI,Actividad económica,Índice 2007=100,186.0,178.9,7.1,3.9687,180.2,5.8,3.2186,2026-06-28,https://estadisticas.bcrp.gob.pe/estadisticas/series/mensuales/resultados/PN01770AM
2026-04-01,2026,4,Abril,T2,PN01770AM,PBI - índice 2007=100,PBI,Actividad económica,Índice 2007=100,191.3,186.0,5.3,2.8495,184.4,6.9,3.7419,2026-06-28,https://estadisticas.bcrp.gob.pe/estadisticas/series/mensuales/resultados/PN01770AM
